market,k,sd,kurtosis,rho1,rho1_abs,VR_abs,persist_raw,persist_filtered,persist_standardized
fx,1,0.047,21.5,-0.040,0.309,0.054,1.015,0.971,0.948
fx,2,0.066,16.6,-0.070,0.313,0.071,1.003,0.954,0.927
fx,3,0.079,13.6,-0.089,0.307,0.086,0.981,0.928,0.877
fx,4,0.089,14.0,-0.082,0.287,0.099,0.964,0.917,0.843
fx,6,0.107,12.6,-0.043,0.268,0.127,0.901,0.923,0.776
fx,8,0.121,9.11,-0.023,0.272,0.149,0.868,0.968,0.661
fx,9,0.126,10.1,0.002,0.251,0.161,0.828,0.981,0.729
fx,12,0.148,11.0,-0.001,0.229,0.193,0.706,0.985,0.534
fx,16,0.170,8.77,0.032,0.246,0.235,0.718,0.984,0.184
fx,18,0.178,10.6,0.058,0.193,0.260,0.516,0.981,0.089
fx,24,0.212,8.94,0.011,0.164,0.311,0.988,0.989,0.088
fx,32,0.246,9.15,0.018,0.171,0.373,0.991,0.990,0.072
fx,36,0.253,7.89,0.047,0.097,0.416,0.989,0.986,0.083
fx,48,0.300,5.92,0.002,0.075,0.487,0.990,0.987,
fx,72,0.373,6.59,-0.019,0.007,0.679,0.987,0.978,
fx,96,0.423,5.19,-0.022,-0.025,0.653,0.983,0.980,
fx,144,0.520,4.31,-0.021,-0.033,0.692,0.970,0.955,
equity,1,0.104,29.3,0.009,0.292,0.099,0.975,0.988,0.973
equity,2,0.150,30.9,-0.009,0.285,0.128,0.945,0.991,0.949
equity,4,0.212,33.2,0.014,0.232,0.179,0.887,0.992,0.890
equity,5,0.234,33.3,0.032,0.243,0.205,0.861,0.994,0.889
equity,8,0.299,22.2,0.047,0.207,0.261,0.988,0.994,0.843
equity,10,0.339,21.2,0.039,0.211,0.300,0.988,0.994,0.807
equity,16,0.437,26.6,0.040,0.135,0.405,0.912,0.978,0.727
equity,20,0.499,27.4,0.016,0.114,0.463,0.951,0.977,0.710
equity,40,0.728,16.2,0.026,0.148,0.673,0.906,0.972,0.250
