asset,year,dst,corr_shift_-60,corr_shift_0,corr_shift_+60,best_shift_min,ok
eurusd,2004,False,0.664,0.907,0.652,0,True
eurusd,2004,True,0.599,0.860,0.532,0,True
eurusd,2005,False,0.643,0.888,0.662,0,True
eurusd,2005,True,0.634,0.866,0.580,0,True
eurusd,2006,False,0.587,0.831,0.540,0,True
eurusd,2006,True,0.559,0.859,0.532,0,True
eurusd,2007,False,0.642,0.820,0.465,0,True
eurusd,2007,True,0.639,0.876,0.560,0,True
eurusd,2008,False,0.630,0.815,0.656,0,True
eurusd,2008,True,0.691,0.913,0.649,0,True
eurusd,2009,False,0.669,0.864,0.648,0,True
eurusd,2009,True,0.709,0.922,0.727,0,True
eurusd,2010,False,0.705,0.893,0.667,0,True
eurusd,2010,True,0.679,0.940,0.721,0,True
eurusd,2011,False,0.739,0.920,0.704,0,True
eurusd,2011,True,0.693,0.938,0.748,0,True
eurusd,2012,False,0.765,0.891,0.678,0,True
eurusd,2012,True,0.749,0.950,0.762,0,True
eurusd,2013,False,0.753,0.921,0.678,0,True
eurusd,2013,True,0.686,0.963,0.738,0,True
eurusd,2014,False,0.730,0.945,0.664,0,True
eurusd,2014,True,0.709,0.959,0.725,0,True
eurusd,2015,False,0.710,0.940,0.709,0,True
eurusd,2015,True,0.697,0.963,0.703,0,True
eurusd,2016,False,0.731,0.936,0.703,0,True
eurusd,2016,True,0.688,0.960,0.731,0,True
eurusd,2017,False,0.703,0.922,0.682,0,True
eurusd,2017,True,0.693,0.955,0.685,0,True
eurusd,2018,False,0.753,0.926,0.682,0,True
eurusd,2018,True,0.755,0.950,0.730,0,True
eurusd,2019,False,0.715,0.940,0.719,0,True
eurusd,2019,True,0.670,0.955,0.772,0,True
eurusd,2020,False,0.729,0.917,0.739,0,True
eurusd,2020,True,0.707,0.928,0.793,0,True
eurusd,2021,False,0.735,0.932,0.729,0,True
eurusd,2021,True,0.726,0.960,0.739,0,True
eurusd,2022,False,0.716,0.950,0.711,0,True
eurusd,2022,True,0.731,0.961,0.758,0,True
eurusd,2023,False,0.710,0.955,0.694,0,True
eurusd,2023,True,0.694,0.958,0.685,0,True
eurusd,2024,False,0.708,0.953,0.694,0,True
eurusd,2024,True,0.666,0.946,0.678,0,True
eurusd,2025,False,0.684,0.932,0.696,0,True
eurusd,2025,True,0.681,0.937,0.707,0,True
spx,2010,False,0.435,0.591,0.278,0,True
spx,2011,False,0.499,0.801,0.414,0,True
spx,2011,True,0.604,0.920,0.494,0,True
spx,2012,False,0.474,0.824,0.425,0,True
spx,2012,True,0.545,0.890,0.489,0,True
spx,2013,False,0.527,0.821,0.485,0,True
spx,2013,True,0.576,0.900,0.515,0,True
spx,2014,False,0.592,0.872,0.474,0,True
spx,2014,True,0.627,0.915,0.558,0,True
spx,2015,False,0.620,0.930,0.576,0,True
spx,2015,True,0.527,0.912,0.498,0,True
spx,2016,False,0.550,0.878,0.489,0,True
spx,2016,True,0.518,0.894,0.541,0,True
spx,2017,False,0.460,0.829,0.578,0,True
spx,2017,True,0.452,0.879,0.562,0,True
spx,2018,False,0.564,0.917,0.635,0,True
spx,2018,True,0.557,0.946,0.673,0,True
spx,2019,False,0.539,0.924,0.670,0,True
spx,2019,True,0.549,0.948,0.677,0,True
spx,2020,False,0.472,0.895,0.598,0,True
spx,2020,True,0.477,0.931,0.658,0,True
spx,2021,False,0.536,0.943,0.676,0,True
spx,2021,True,0.567,0.965,0.656,0,True
spx,2022,False,0.638,0.961,0.660,0,True
spx,2022,True,0.651,0.976,0.664,0,True
spx,2023,False,0.689,0.962,0.670,0,True
spx,2023,True,0.678,0.968,0.713,0,True
spx,2024,False,0.662,0.962,0.690,0,True
spx,2024,True,0.652,0.969,0.695,0,True
spx,2025,False,0.644,0.954,0.714,0,True
spx,2025,True,0.618,0.954,0.694,0,True
