day,reason,asset
2004-01-01,fresh=0.00,eurusd
2004-01-02,missing price,eurusd
2004-01-14,missing price,eurusd
2004-02-13,missing price,eurusd
2004-02-20,missing price,eurusd
2004-02-26,missing price,eurusd
2004-03-08,missing price,eurusd
2004-03-26,missing price,eurusd
2004-03-30,missing price,eurusd
2004-04-02,missing price,eurusd
2004-04-05,missing price,eurusd
2004-04-09,missing price,eurusd
2004-04-12,missing price,eurusd
2004-04-16,missing price,eurusd
2004-04-23,missing price,eurusd
2004-05-03,missing price,eurusd
2004-05-31,fresh=0.74,eurusd
2004-06-01,missing price,eurusd
2004-06-04,missing price,eurusd
2004-06-07,missing price,eurusd
2004-06-11,missing price,eurusd
2004-07-02,missing price,eurusd
2004-07-05,missing price,eurusd
2004-07-15,missing price,eurusd
2004-07-22,missing price,eurusd
2004-07-23,missing price,eurusd
2004-07-26,missing price,eurusd
2004-07-29,missing price,eurusd
2004-08-02,missing price,eurusd
2004-08-24,fresh=0.42,eurusd
2004-08-31,missing price,eurusd
2004-09-02,missing price,eurusd
2004-09-06,fresh=0.60,eurusd
2004-09-07,missing price,eurusd
2004-09-15,missing price,eurusd
2004-10-04,missing price,eurusd
2004-10-08,missing price,eurusd
2004-10-13,missing price,eurusd
2004-10-15,missing price,eurusd
2004-10-22,missing price,eurusd
2004-11-05,missing price,eurusd
2004-11-08,missing price,eurusd
2004-11-10,missing price,eurusd
2004-11-25,fresh=0.73,eurusd
2004-11-26,missing price,eurusd
2004-11-29,missing price,eurusd
2004-12-06,missing price,eurusd
2004-12-07,missing price,eurusd
2004-12-20,missing price,eurusd
2004-12-27,missing price,eurusd
2004-12-31,missing price,eurusd
2005-01-03,fresh=0.64,eurusd
2005-01-14,missing price,eurusd
2005-01-17,missing price,eurusd
2005-01-31,missing price,eurusd
2005-02-07,missing price,eurusd
2005-02-08,missing price,eurusd
2005-02-21,missing price,eurusd
2005-03-11,missing price,eurusd
2005-03-25,missing price,eurusd
2005-03-28,missing price,eurusd
2005-04-15,missing price,eurusd
2005-05-27,missing price,eurusd
2005-05-30,fresh=0.74,eurusd
2005-05-31,missing price,eurusd
2005-06-15,missing price,eurusd
2005-07-04,fresh=0.76,eurusd
2005-07-05,missing price,eurusd
2005-07-27,missing price,eurusd
2005-07-28,missing price,eurusd
2005-08-19,missing price,eurusd
2005-09-05,fresh=0.75,eurusd
2005-09-06,missing price,eurusd
2005-10-21,missing price,eurusd
2005-11-24,fresh=0.73,eurusd
2005-11-25,missing price,eurusd
2005-12-02,missing price,eurusd
2005-12-26,fresh=0.00,eurusd
2005-12-27,missing price,eurusd
2006-01-02,fresh=0.00,eurusd
2006-01-03,missing price,eurusd
2006-02-17,missing price,eurusd
2006-02-20,missing price,eurusd
2006-03-17,missing price,eurusd
2006-04-14,missing price,eurusd
2006-06-16,missing price,eurusd
2006-06-23,missing price,eurusd
2006-07-21,missing price,eurusd
2006-08-18,missing price,eurusd
2006-09-01,missing price,eurusd
2006-12-25,fresh=0.00,eurusd
2006-12-26,missing price,eurusd
2006-12-29,missing price,eurusd
2007-01-01,fresh=0.00,eurusd
2007-01-02,missing price,eurusd
2007-02-23,missing price,eurusd
2007-05-07,missing price,eurusd
2007-05-28,fresh=0.74,eurusd
2007-06-22,missing price,eurusd
2007-08-08,missing price,eurusd
2007-12-26,fresh=0.59,eurusd
2008-01-01,fresh=0.00,eurusd
2008-01-02,missing price,eurusd
2008-12-24,missing price,eurusd
2008-12-26,fresh=0.46,eurusd
2008-12-31,missing price,eurusd
2009-01-01,fresh=0.00,eurusd
2009-01-02,missing price,eurusd
2009-11-23,missing price,eurusd
2010-12-24,missing price,eurusd
2010-12-31,missing price,eurusd
2011-12-26,fresh=0.62,eurusd
2012-01-02,fresh=0.62,eurusd
2012-12-24,missing price,eurusd
2012-12-26,fresh=0.46,eurusd
2013-01-01,fresh=0.00,eurusd
2013-04-12,missing price,eurusd
2013-12-24,missing price,eurusd
2013-12-26,fresh=0.46,eurusd
2013-12-31,missing price,eurusd
2014-01-01,fresh=0.00,eurusd
2014-06-02,fresh=0.08,eurusd
2014-12-24,missing price,eurusd
2014-12-25,fresh=0.00,eurusd
2014-12-26,missing price,eurusd
2015-01-01,fresh=0.04,eurusd
2015-08-21,missing price,eurusd
2015-12-24,missing price,eurusd
2015-12-28,missing price,eurusd
2016-11-14,missing price,eurusd
2016-12-26,fresh=0.35,eurusd
2016-12-27,missing price,eurusd
2017-01-02,fresh=0.62,eurusd
2017-12-25,fresh=0.00,eurusd
2018-01-01,fresh=0.00,eurusd
2018-12-25,fresh=0.41,eurusd
2019-01-01,fresh=0.00,eurusd
2019-03-25,missing price,eurusd
2019-04-01,missing price,eurusd
2019-05-27,fresh=0.50,eurusd
2019-12-25,fresh=0.38,eurusd
2020-01-01,fresh=0.00,eurusd
2020-03-23,missing price,eurusd
2020-03-30,missing price,eurusd
2020-04-20,missing price,eurusd
2020-11-30,fresh=0.29,eurusd
2020-12-01,missing price,eurusd
2020-12-25,fresh=0.40,eurusd
2020-12-28,missing price,eurusd
2021-03-29,missing price,eurusd
2021-05-31,fresh=0.29,eurusd
2021-06-01,missing price,eurusd
2021-12-13,missing price,eurusd
2021-12-27,missing price,eurusd
2022-03-28,missing price,eurusd
2023-01-27,missing price,eurusd
2023-02-20,fresh=0.71,eurusd
2023-02-21,fresh=0.71,eurusd
2023-02-22,fresh=0.71,eurusd
2023-02-23,fresh=0.71,eurusd
2023-02-24,fresh=0.71,eurusd
2023-02-27,fresh=0.71,eurusd
2023-02-28,fresh=0.71,eurusd
2023-03-01,fresh=0.71,eurusd
2023-03-02,fresh=0.71,eurusd
2023-03-03,fresh=0.71,eurusd
2023-03-06,fresh=0.71,eurusd
2023-03-07,fresh=0.71,eurusd
2023-03-08,fresh=0.70,eurusd
2023-03-09,fresh=0.70,eurusd
2023-03-10,fresh=0.71,eurusd
2023-03-13,fresh=0.71,eurusd
2023-03-14,fresh=0.67,eurusd
2023-03-15,fresh=0.71,eurusd
2023-03-16,fresh=0.74,eurusd
2023-03-17,fresh=0.71,eurusd
2023-03-20,fresh=0.71,eurusd
2023-03-21,fresh=0.71,eurusd
2023-03-22,fresh=0.71,eurusd
2023-03-23,fresh=0.71,eurusd
2023-03-24,fresh=0.67,eurusd
2023-03-27,fresh=0.71,eurusd
2023-03-28,fresh=0.71,eurusd
2023-03-29,fresh=0.71,eurusd
2023-03-30,fresh=0.71,eurusd
2023-03-31,fresh=0.75,eurusd
2023-04-03,fresh=0.75,eurusd
2023-04-04,fresh=0.71,eurusd
2023-04-05,fresh=0.71,eurusd
2023-04-06,missing price,eurusd
2023-04-10,fresh=0.71,eurusd
2023-04-11,fresh=0.75,eurusd
2023-04-12,fresh=0.71,eurusd
2023-04-13,fresh=0.67,eurusd
2023-04-14,fresh=0.75,eurusd
2023-04-17,fresh=0.67,eurusd
2023-04-18,fresh=0.75,eurusd
2023-04-19,fresh=0.71,eurusd
2023-04-20,fresh=0.71,eurusd
2023-04-21,fresh=0.71,eurusd
2023-04-24,fresh=0.67,eurusd
2023-04-25,fresh=0.71,eurusd
2023-04-26,fresh=0.75,eurusd
2023-04-27,fresh=0.71,eurusd
2023-04-28,fresh=0.67,eurusd
2023-05-01,fresh=0.67,eurusd
2023-05-02,fresh=0.70,eurusd
2023-05-03,fresh=0.75,eurusd
2023-05-04,fresh=0.67,eurusd
2023-05-05,fresh=0.75,eurusd
2023-05-08,fresh=0.71,eurusd
2023-05-09,fresh=0.71,eurusd
2023-05-10,fresh=0.71,eurusd
2023-05-11,fresh=0.67,eurusd
2023-05-12,fresh=0.75,eurusd
2023-05-15,fresh=0.71,eurusd
2023-05-16,fresh=0.75,eurusd
2023-05-17,fresh=0.70,eurusd
2023-05-18,fresh=0.71,eurusd
2023-05-19,fresh=0.75,eurusd
2023-05-22,fresh=0.67,eurusd
2023-05-23,fresh=0.75,eurusd
2023-05-24,fresh=0.71,eurusd
2023-05-25,fresh=0.71,eurusd
2023-05-26,fresh=0.67,eurusd
2023-05-29,fresh=0.67,eurusd
2023-05-30,fresh=0.75,eurusd
2023-05-31,fresh=0.67,eurusd
2023-06-01,fresh=0.75,eurusd
2023-06-02,fresh=0.71,eurusd
2023-06-05,fresh=0.71,eurusd
2023-06-06,fresh=0.71,eurusd
2023-06-07,fresh=0.71,eurusd
2023-06-08,fresh=0.71,eurusd
2023-06-09,fresh=0.71,eurusd
2023-06-12,fresh=0.67,eurusd
2023-06-13,fresh=0.75,eurusd
2023-06-14,fresh=0.71,eurusd
2023-06-15,fresh=0.71,eurusd
2023-06-16,fresh=0.67,eurusd
2023-06-19,fresh=0.67,eurusd
2023-06-20,fresh=0.70,eurusd
2023-06-21,fresh=0.70,eurusd
2023-06-22,fresh=0.67,eurusd
2023-06-23,fresh=0.71,eurusd
2023-06-26,fresh=0.75,eurusd
2023-06-27,fresh=0.67,eurusd
2023-06-28,fresh=0.71,eurusd
2023-06-29,fresh=0.67,eurusd
2023-06-30,fresh=0.75,eurusd
2023-07-03,fresh=0.71,eurusd
2023-07-04,fresh=0.67,eurusd
2023-07-05,fresh=0.71,eurusd
2023-07-06,fresh=0.71,eurusd
2023-07-07,fresh=0.71,eurusd
2023-07-10,fresh=0.75,eurusd
2023-07-11,fresh=0.67,eurusd
2023-07-12,fresh=0.71,eurusd
2023-07-13,fresh=0.75,eurusd
2023-07-14,fresh=0.67,eurusd
2023-07-17,fresh=0.67,eurusd
2023-07-18,fresh=0.75,eurusd
2023-07-19,fresh=0.67,eurusd
2023-07-20,fresh=0.75,eurusd
2023-07-21,fresh=0.67,eurusd
2023-07-24,fresh=0.75,eurusd
2023-07-25,fresh=0.71,eurusd
2023-07-26,fresh=0.71,eurusd
2023-07-27,fresh=0.71,eurusd
2023-07-28,fresh=0.71,eurusd
2023-09-25,missing price,eurusd
2023-12-25,fresh=0.34,eurusd
2024-01-01,fresh=0.00,eurusd
2024-01-15,missing price,eurusd
2024-01-16,missing price,eurusd
2024-01-17,missing price,eurusd
2024-04-01,missing price,eurusd
2024-11-01,missing price,eurusd
2024-12-25,fresh=0.34,eurusd
2025-01-01,fresh=0.00,eurusd
2025-03-31,missing price,eurusd
2025-12-25,fresh=0.29,eurusd
2010-11-15,no previous close,spx
2010-11-25,fresh=0.28,spx
2010-11-26,fresh=0.55,spx
2010-12-31,fresh=0.70,spx
2011-01-17,fresh=0.28,spx
2011-02-21,fresh=0.29,spx
2011-05-30,fresh=0.28,spx
2011-07-04,fresh=0.29,spx
2011-09-05,fresh=0.29,spx
2011-11-24,fresh=0.29,spx
2011-11-25,fresh=0.55,spx
2012-01-16,fresh=0.30,spx
2012-02-20,fresh=0.28,spx
2012-04-06,fresh=0.00,spx
2012-05-28,fresh=0.29,spx
2012-07-03,fresh=0.56,spx
2012-07-04,fresh=0.26,spx
2012-09-03,fresh=0.25,spx
2012-10-29,fresh=0.00,spx
2012-10-30,fresh=0.00,spx
2012-11-22,fresh=0.28,spx
2012-11-23,fresh=0.56,spx
2012-12-24,fresh=0.56,spx
2013-01-21,fresh=0.25,spx
2013-02-18,fresh=0.17,spx
2013-05-27,fresh=0.29,spx
2013-07-03,fresh=0.55,spx
2013-07-04,fresh=0.30,spx
2013-09-02,fresh=0.26,spx
2013-11-28,fresh=0.25,spx
2013-11-29,fresh=0.56,spx
2013-12-24,fresh=0.54,spx
2014-01-01,fresh=0.00,spx
2014-01-20,fresh=0.16,spx
2014-02-17,fresh=0.24,spx
2014-05-26,fresh=0.34,spx
2014-06-02,fresh=0.19,spx
2014-07-03,fresh=0.56,spx
2014-07-04,fresh=0.28,spx
2014-09-01,fresh=0.41,spx
2014-11-27,fresh=0.50,spx
2014-11-28,fresh=0.56,spx
2014-12-24,fresh=0.56,spx
2014-12-25,fresh=0.00,spx
2015-01-01,fresh=0.00,spx
2015-01-19,fresh=0.51,spx
2015-02-16,fresh=0.47,spx
2015-04-03,fresh=0.00,spx
2015-05-25,fresh=0.39,spx
2015-07-03,fresh=0.50,spx
2015-08-21,missing price,spx
2015-09-07,fresh=0.51,spx
2015-11-26,fresh=0.50,spx
2015-11-27,fresh=0.56,spx
2015-12-24,fresh=0.56,spx
2016-01-18,fresh=0.51,spx
2016-02-15,fresh=0.50,spx
2016-05-30,fresh=0.49,spx
2016-07-04,fresh=0.53,spx
2016-09-05,fresh=0.44,spx
2016-11-24,fresh=0.42,spx
2016-11-25,fresh=0.55,spx
2016-12-26,fresh=0.00,spx
2017-01-02,fresh=0.00,spx
2017-01-16,fresh=0.49,spx
2017-05-29,fresh=0.39,spx
2017-07-03,fresh=0.56,spx
2017-07-04,fresh=0.51,spx
2017-09-04,fresh=0.49,spx
2017-11-23,fresh=0.40,spx
2017-11-24,fresh=0.55,spx
2017-12-25,fresh=0.00,spx
2018-01-01,fresh=0.00,spx
2018-01-15,fresh=0.50,spx
2018-02-19,fresh=0.53,spx
2018-05-28,fresh=0.53,spx
2018-07-03,fresh=0.56,spx
2018-07-04,fresh=0.54,spx
2018-09-03,fresh=0.50,spx
2018-11-22,fresh=0.53,spx
2018-11-23,fresh=0.56,spx
2018-12-05,fresh=0.00,spx
2018-12-24,fresh=0.55,spx
2018-12-25,fresh=0.00,spx
2019-01-01,fresh=0.00,spx
2019-01-21,fresh=0.51,spx
2019-02-18,fresh=0.50,spx
2019-05-27,fresh=0.51,spx
2019-07-03,fresh=0.56,spx
2019-07-04,fresh=0.51,spx
2019-09-02,fresh=0.53,spx
2019-11-28,fresh=0.49,spx
2019-11-29,fresh=0.55,spx
2019-12-24,fresh=0.55,spx
2019-12-25,fresh=0.00,spx
2020-01-01,fresh=0.00,spx
2020-01-20,fresh=0.51,spx
2020-02-17,fresh=0.51,spx
2020-03-09,missing price,spx
2020-03-16,missing price,spx
2020-05-25,fresh=0.51,spx
2020-07-03,fresh=0.51,spx
2020-09-07,fresh=0.51,spx
2020-11-26,fresh=0.51,spx
2020-11-27,fresh=0.55,spx
2020-11-30,fresh=0.00,spx
2020-12-24,fresh=0.55,spx
2021-01-18,fresh=0.51,spx
2021-02-15,fresh=0.51,spx
2021-04-02,fresh=0.00,spx
2021-05-31,fresh=0.00,spx
2021-07-05,fresh=0.51,spx
2021-09-06,fresh=0.51,spx
2021-11-25,fresh=0.51,spx
2021-11-26,fresh=0.55,spx
2022-01-17,fresh=0.51,spx
2022-02-21,fresh=0.51,spx
2022-05-30,fresh=0.51,spx
2022-06-20,fresh=0.51,spx
2022-07-04,fresh=0.51,spx
2022-09-05,fresh=0.51,spx
2022-11-24,fresh=0.51,spx
2022-11-25,fresh=0.55,spx
2022-12-26,fresh=0.00,spx
2023-01-02,fresh=0.00,spx
2023-01-16,fresh=0.51,spx
2023-02-20,fresh=0.30,spx
2023-02-21,fresh=0.51,spx
2023-02-22,fresh=0.49,spx
2023-02-23,fresh=0.49,spx
2023-02-24,fresh=0.34,spx
2023-02-27,fresh=0.51,spx
2023-02-28,fresh=0.51,spx
2023-03-01,fresh=0.55,spx
2023-03-02,fresh=0.49,spx
2023-03-03,fresh=0.49,spx
2023-03-06,fresh=0.40,spx
2023-03-07,fresh=0.51,spx
2023-03-08,fresh=0.49,spx
2023-03-09,fresh=0.40,spx
2023-03-10,fresh=0.60,spx
2023-03-13,fresh=0.55,spx
2023-03-14,fresh=0.49,spx
2023-03-15,fresh=0.49,spx
2023-03-16,fresh=0.51,spx
2023-03-17,fresh=0.45,spx
2023-03-20,fresh=0.51,spx
2023-03-21,fresh=0.55,spx
2023-03-22,fresh=0.51,spx
2023-03-23,fresh=0.55,spx
2023-03-24,fresh=0.55,spx
2023-03-27,fresh=0.49,spx
2023-03-28,fresh=0.49,spx
2023-03-29,fresh=0.49,spx
2023-03-30,fresh=0.55,spx
2023-03-31,fresh=0.49,spx
2023-04-03,fresh=0.49,spx
2023-04-04,fresh=0.49,spx
2023-04-05,fresh=0.45,spx
2023-04-10,fresh=0.49,spx
2023-04-11,fresh=0.49,spx
2023-04-12,fresh=0.51,spx
2023-04-13,fresh=0.60,spx
2023-04-14,fresh=0.51,spx
2023-04-17,fresh=0.51,spx
2023-04-18,fresh=0.51,spx
2023-04-19,fresh=0.51,spx
2023-04-20,fresh=0.51,spx
2023-04-21,fresh=0.55,spx
2023-04-24,fresh=0.55,spx
2023-04-25,fresh=0.51,spx
2023-04-26,fresh=0.55,spx
2023-04-27,fresh=0.51,spx
2023-04-28,fresh=0.55,spx
2023-05-01,fresh=0.51,spx
2023-05-02,fresh=0.51,spx
2023-05-03,fresh=0.55,spx
2023-05-04,fresh=0.49,spx
2023-05-05,fresh=0.55,spx
2023-05-08,fresh=0.49,spx
2023-05-09,fresh=0.49,spx
2023-05-10,fresh=0.49,spx
2023-05-11,fresh=0.49,spx
2023-05-12,fresh=0.51,spx
2023-05-15,fresh=0.51,spx
2023-05-16,fresh=0.55,spx
2023-05-17,fresh=0.51,spx
2023-05-18,fresh=0.45,spx
2023-05-19,fresh=0.45,spx
2023-05-22,fresh=0.40,spx
2023-05-23,fresh=0.49,spx
2023-05-24,fresh=0.49,spx
2023-05-25,fresh=0.51,spx
2023-05-26,fresh=0.51,spx
2023-05-29,fresh=0.21,spx
2023-05-30,fresh=0.49,spx
2023-05-31,fresh=0.49,spx
2023-06-01,fresh=0.49,spx
2023-06-02,fresh=0.49,spx
2023-06-05,fresh=0.49,spx
2023-06-06,fresh=0.55,spx
2023-06-07,fresh=0.49,spx
2023-06-08,fresh=0.45,spx
2023-06-09,fresh=0.49,spx
2023-06-12,fresh=0.36,spx
2023-06-13,fresh=0.49,spx
2023-06-14,fresh=0.49,spx
2023-06-15,fresh=0.45,spx
2023-06-16,fresh=0.45,spx
2023-06-19,fresh=0.30,spx
2023-06-20,fresh=0.49,spx
2023-06-21,fresh=0.49,spx
2023-06-22,fresh=0.49,spx
2023-06-23,fresh=0.45,spx
2023-06-26,fresh=0.51,spx
2023-06-27,fresh=0.51,spx
2023-06-28,fresh=0.51,spx
2023-06-29,fresh=0.49,spx
2023-06-30,fresh=0.49,spx
2023-07-03,fresh=0.36,spx
2023-07-04,fresh=0.00,spx
2023-07-05,fresh=0.49,spx
2023-07-06,fresh=0.55,spx
2023-07-07,fresh=0.49,spx
2023-07-10,fresh=0.55,spx
2023-07-11,fresh=0.49,spx
2023-07-12,fresh=0.55,spx
2023-07-13,fresh=0.45,spx
2023-07-14,fresh=0.60,spx
2023-07-17,fresh=0.49,spx
2023-07-18,fresh=0.51,spx
2023-07-19,fresh=0.51,spx
2023-07-20,fresh=0.51,spx
2023-07-21,fresh=0.49,spx
2023-07-24,fresh=0.51,spx
2023-07-25,fresh=0.49,spx
2023-07-26,fresh=0.51,spx
2023-07-27,fresh=0.60,spx
2023-07-28,fresh=0.51,spx
2023-09-04,fresh=0.51,spx
2023-11-23,fresh=0.36,spx
2023-11-24,fresh=0.40,spx
2023-12-25,fresh=0.00,spx
2024-01-01,fresh=0.00,spx
2024-01-08,fresh=0.51,spx
2024-01-12,fresh=0.51,spx
2024-01-15,fresh=0.51,spx
2024-01-22,missing price,spx
2024-02-19,fresh=0.51,spx
2024-05-27,fresh=0.51,spx
2024-06-19,fresh=0.51,spx
2024-07-03,fresh=0.55,spx
2024-07-04,fresh=0.51,spx
2024-09-02,fresh=0.51,spx
2024-11-28,fresh=0.51,spx
2024-11-29,fresh=0.55,spx
2024-12-24,fresh=0.55,spx
2024-12-25,fresh=0.00,spx
2025-01-01,fresh=0.00,spx
2025-01-09,fresh=0.00,spx
2025-01-20,fresh=0.51,spx
2025-02-17,fresh=0.51,spx
2025-05-26,fresh=0.51,spx
2025-06-19,fresh=0.51,spx
2025-07-03,fresh=0.51,spx
2025-07-04,fresh=0.51,spx
2025-09-01,fresh=0.51,spx
2025-11-27,fresh=0.51,spx
2025-11-28,fresh=0.55,spx
2025-12-24,fresh=0.55,spx
2025-12-25,fresh=0.00,spx
2018-01-01,no previous close,btc
2018-01-04,missing price,btc
2018-02-08,fresh=0.02,btc
2018-02-09,fresh=0.58,btc
2018-06-26,fresh=0.58,btc
2018-06-27,missing price,btc
2018-07-04,fresh=0.68,btc
2018-10-19,missing price,btc
2018-11-14,fresh=0.71,btc
2019-03-12,fresh=0.75,btc
2019-05-15,fresh=0.58,btc
2019-06-07,missing price,btc
2019-08-15,fresh=0.67,btc
2019-11-13,missing price,btc
2019-11-25,missing price,btc
2020-02-09,missing price,btc
2020-02-19,fresh=0.76,btc
2020-03-04,missing price,btc
2020-04-25,missing price,btc
2020-06-28,missing price,btc
2020-11-30,missing price,btc
2020-12-21,missing price,btc
2020-12-25,missing price,btc
2021-02-11,missing price,btc
2021-03-06,missing price,btc
2021-04-20,missing price,btc
2021-04-25,missing price,btc
2021-08-13,missing price,btc
2021-09-29,missing price,btc
2023-03-24,missing price,btc
