,eurusd,spx,btc
0,,,0.8811
5,1.1278,,1.4110
10,0.9136,,1.2198
15,0.8550,,1.1436
20,0.8113,,1.2137
25,0.8093,,1.1330
30,0.7469,,1.0196
35,0.8452,,1.1887
40,0.7758,,1.1033
45,0.7680,,1.0052
50,0.7493,,1.0457
55,0.9757,,0.9659
60,0.9305,,0.9382
65,0.9478,,1.1509
70,0.8593,,1.0399
75,0.8306,,0.9963
80,0.8822,,1.0442
85,0.8213,,0.9706
90,0.7866,,0.9437
95,0.8926,,1.0747
100,0.8158,,0.9975
105,0.7880,,0.9262
110,0.7881,,0.9951
115,0.7678,,0.8913
120,0.7625,,0.8605
125,0.8196,,1.0623
130,0.7272,,0.9802
135,0.7323,,0.9394
140,0.6931,,0.9771
145,0.6769,,0.9124
150,0.6600,,0.8595
155,0.7010,,0.9817
160,0.6684,,0.9211
165,0.6460,,0.8099
170,0.6521,,0.8827
175,0.6490,,0.8353
180,0.6755,,0.8546
185,0.6809,,0.9636
190,0.6456,,0.9234
195,0.6030,,0.8288
200,0.6087,,0.8946
205,0.6022,,0.8689
210,0.5823,,0.8107
215,0.6334,,0.9245
220,0.5925,,0.8167
225,0.5878,,0.8006
230,0.5841,,0.8551
235,0.5838,,0.7806
240,0.5813,,0.7505
245,0.6145,,1.0232
250,0.5819,,0.9149
255,0.5860,,0.8219
260,0.5662,,0.9099
265,0.5661,,0.8324
270,0.5573,,0.7872
275,0.6127,,0.8903
280,0.6017,,0.8355
285,0.5991,,0.7821
290,0.5789,,0.8516
295,0.5694,,0.7800
300,0.6501,,0.7599
305,0.7004,,0.9310
310,0.6553,,0.8323
315,0.6314,,0.8166
320,0.6405,,0.8850
325,0.6544,,0.8215
330,0.6527,,0.7515
335,0.7346,,0.8726
340,0.7228,,0.8249
345,0.7378,,0.7844
350,0.7496,,0.8538
355,0.7776,,0.7534
360,0.9100,,0.7637
365,1.1690,,0.9739
370,1.0318,,0.8625
375,1.0217,,0.8145
380,1.0049,,0.8843
385,1.0149,,0.8109
390,1.0076,,0.7826
395,1.1112,,0.9076
400,1.0486,,0.8270
405,1.0787,,0.8021
410,1.0878,,0.8859
415,1.1077,,0.8279
420,1.2026,,0.7645
425,1.5651,,0.9866
430,1.3653,,0.8986
435,1.3281,,0.8486
440,1.3232,,0.8903
445,1.2927,,0.8535
450,1.2791,,0.7985
455,1.3723,,0.9160
460,1.2683,,0.8340
465,1.2559,,0.7809
470,1.2781,,0.8693
475,1.2706,,0.7985
480,1.3052,,0.7554
485,1.6310,,1.1162
490,1.4158,,1.0230
495,1.3443,,0.9576
500,1.3193,,0.9739
505,1.2765,,0.9016
510,1.2208,,0.8777
515,1.3688,,0.9741
520,1.2907,,0.8763
525,1.2566,,0.8538
530,1.2330,,0.9329
535,1.1914,,0.8518
540,1.2482,,0.8209
545,1.4270,,1.0413
550,1.2488,,0.9460
555,1.2200,,0.8581
560,1.1895,,0.9607
565,1.1680,,0.8938
570,1.1226,,0.8569
575,1.2164,,0.9662
580,1.1735,,0.8874
585,1.1482,,0.8512
590,1.1625,,0.9276
595,1.1395,,0.8849
600,1.1432,,0.8589
605,1.2529,,1.0571
610,1.1555,,0.9749
615,1.1331,,0.9204
620,1.0759,,0.9911
625,1.0975,,0.9248
630,1.0896,,0.8726
635,1.1276,,0.9749
640,1.0568,,0.8702
645,1.0364,,0.8624
650,1.0349,,0.9013
655,1.0508,,0.8290
660,1.1247,,0.8273
665,1.1845,,1.0187
670,1.0919,,0.9480
675,1.0824,,0.8830
680,1.0800,,0.9398
685,1.0631,,0.9205
690,1.0559,,0.8940
695,1.0932,,1.0088
700,1.0783,,0.9268
705,1.0909,,0.9043
710,1.1509,,0.9295
715,1.1307,,0.8905
720,1.2548,,0.8556
725,1.2720,,1.2259
730,1.1590,,1.0934
735,1.2828,,1.0682
740,1.2807,,1.0502
745,1.2388,,1.0452
750,1.2100,,0.9602
755,2.2673,,1.2357
760,1.6551,,1.0508
765,1.5199,,1.0208
770,1.5031,,1.0539
775,1.4505,,1.0346
780,1.5109,,0.9038
785,1.5872,,1.1285
790,1.4368,,1.1015
795,1.5192,,1.0176
800,1.4731,,1.1396
805,1.4101,,1.0418
810,1.3478,,0.9964
815,2.0367,,1.3808
820,1.6850,1.5460,1.2540
825,1.6475,1.4425,1.2367
830,1.6494,1.4324,1.2566
835,1.5247,1.4213,1.1724
840,1.5295,1.1823,1.0794
845,2.1500,1.5835,1.3627
850,1.7430,1.3057,1.2538
855,1.6470,1.2612,1.1583
860,1.5919,1.2305,1.2842
865,1.5426,1.1546,1.1749
870,1.4974,1.1566,1.1354
875,1.6227,1.2084,1.3726
880,1.5208,1.2609,1.2759
885,1.5224,1.2272,1.2629
890,1.5374,1.2230,1.2899
895,1.5639,1.1643,1.1858
900,1.6371,1.0832,1.1584
905,1.8450,1.2710,1.4389
910,1.6013,1.1318,1.2919
915,1.5481,1.0952,1.2067
920,1.4976,1.0661,1.2552
925,1.4385,1.0538,1.1562
930,1.4184,1.0229,1.1416
935,1.4089,1.0582,1.2443
940,1.3774,1.0137,1.1817
945,1.3319,0.9820,1.0862
950,1.3545,0.9460,1.1874
955,1.3509,0.9375,1.1195
960,1.5053,0.9011,1.0193
965,1.4166,0.9850,1.4996
970,1.3237,0.9219,1.4275
975,1.2581,0.8638,1.2682
980,1.2497,0.8834,1.2891
985,1.2248,0.8632,1.1739
990,1.1556,0.8306,1.1307
995,1.1725,0.8888,1.1916
1000,1.1074,0.8355,1.1325
1005,1.1098,0.8224,1.1167
1010,1.0716,0.8212,1.1424
1015,1.0397,0.8050,1.0408
1020,1.1439,0.8034,0.9996
1025,1.1919,0.8792,1.2203
1030,1.0744,0.8352,1.0992
1035,1.0263,0.8129,1.0250
1040,1.0260,0.8083,1.1503
1045,0.9852,0.7879,1.0361
1050,0.9889,0.7890,1.0171
1055,1.0153,0.8323,1.1141
1060,0.9613,0.8055,1.0806
1065,0.9209,0.7931,0.9924
1070,0.9434,0.7798,1.0338
1075,0.9066,0.7801,1.0040
1080,1.0396,0.7763,0.9379
1085,1.2307,1.0149,1.1981
1090,1.0071,0.8755,1.0829
1095,0.9888,0.8435,1.0108
1100,1.0296,0.8540,1.0428
1105,0.9585,0.8612,0.9605
1110,0.9057,0.8253,0.9575
1115,0.9581,0.8805,1.0243
1120,0.9425,0.8687,1.0361
1125,0.9041,0.8729,1.0061
1130,0.9042,0.8811,1.0362
1135,0.8995,0.8539,1.0067
1140,1.0008,0.8567,0.9013
1145,1.0408,1.0488,1.0968
1150,0.8896,0.9356,1.0369
1155,0.8576,0.9228,1.0383
1160,0.8648,0.8968,1.0539
1165,0.8348,0.9362,1.0171
1170,0.7961,0.9121,0.9349
1175,0.8209,1.0471,1.1125
1180,0.7973,0.9711,0.9948
1185,0.7909,1.0146,1.0085
1190,0.7643,1.0761,1.0244
1195,0.7711,1.2094,0.9786
1200,0.9128,1.2682,0.9605
1205,0.8370,1.0497,1.3403
1210,0.7052,0.7461,1.1515
1215,0.6581,0.8245,1.0433
1220,0.6389,0.8963,1.0774
1225,0.6277,0.9109,1.0182
1230,0.6170,0.9478,0.9785
1235,0.6370,1.0882,1.1098
1240,0.6067,1.0301,1.0725
1245,0.5933,1.0613,0.9618
1250,0.6212,1.1577,1.0645
1255,0.6445,1.2939,1.0589
1260,0.7892,1.5156,0.9977
1265,0.7133,0.9773,1.1793
1270,0.6160,0.6522,1.0338
1275,0.5619,0.7545,1.0107
1280,0.5479,,1.0692
1285,0.5375,,1.0483
1290,0.5388,,0.9659
1295,0.5287,,1.0835
1300,0.5046,,0.9913
1305,0.4849,,1.0040
1310,0.5179,,1.0425
1315,0.5234,,0.9647
1320,0.6179,,0.9623
1325,0.7954,,1.2316
1330,0.5993,,1.0694
1335,0.5718,,1.0137
1340,0.5786,,1.0718
1345,0.5524,,0.9817
1350,0.5458,,0.9962
1355,0.5788,,1.0887
1360,0.5443,,1.0179
1365,0.5123,,0.9544
1370,0.5355,,1.0348
1375,0.5275,,0.9839
1380,0.5826,,0.9136
1385,0.7480,,1.1796
1390,0.6018,,1.0634
1395,0.5960,,0.9690
1400,0.6017,,1.0693
1405,0.5935,,0.9625
1410,0.5835,,0.9205
1415,0.6504,,1.0067
1420,0.6336,,0.9332
1425,0.6299,,0.9007
1430,0.6587,,0.9725
1435,0.6912,,0.9342
1440,,,
