asset,year,corr_with_full,days
eurusd,2004,0.9444,211
eurusd,2005,0.9505,230
eurusd,2006,0.9429,246
eurusd,2007,0.9496,252
eurusd,2008,0.9633,256
eurusd,2009,0.9528,257
eurusd,2010,0.9601,258
eurusd,2011,0.9599,259
eurusd,2012,0.9623,257
eurusd,2013,0.9755,255
eurusd,2014,0.9757,256
eurusd,2015,0.9739,256
eurusd,2016,0.9703,257
eurusd,2017,0.9703,258
eurusd,2018,0.9648,259
eurusd,2019,0.9674,256
eurusd,2020,0.9476,254
eurusd,2021,0.9675,255
eurusd,2022,0.9718,259
eurusd,2023,0.9620,142
eurusd,2024,0.9594,255
eurusd,2025,0.9559,258
spx,2010,0.8193,30
spx,2011,0.9375,251
spx,2012,0.9314,247
spx,2013,0.9610,249
spx,2014,0.9311,248
spx,2015,0.9006,249
spx,2016,0.9040,251
spx,2017,0.9311,245
spx,2018,0.8588,248
spx,2019,0.9373,249
spx,2020,0.9087,248
spx,2021,0.9525,251
spx,2022,0.9338,250
spx,2023,0.8721,140
spx,2024,0.9049,246
spx,2025,0.8811,247
btc,2018,0.7278,356
btc,2019,0.8196,359
btc,2020,0.7729,358
btc,2021,0.8125,359
btc,2022,0.8696,365
btc,2023,0.8254,364
btc,2024,0.8718,366
btc,2025,0.8547,365
