asset,model,P,J,test_days,mean_qlike,qlike_diff_vs_M0,qlike_DM_t_vs_M0,qlike_diff_vs_M1,qlike_DM_t_vs_M1,mean_mse,mse_diff_vs_M0,mse_DM_t_vs_M0,mse_diff_vs_M1,mse_DM_t_vs_M1,risk_sd_overall,risk_mean_abs_log_sd_by_interval,risk_share_intervals_off_by_25pct,qlike_diff_vs_M4,qlike_DM_t_vs_M4,mse_diff_vs_M4,mse_DM_t_vs_M4
eurusd,M0 flat,8,1,1423,-6.19263,0.00000,,0.28489,21.07995,0.00004,0.00000,,0.00000,4.17467,1.00205,0.32882,0.55903,,,,
eurusd,M1 hist. profile,8,1,1423,-6.47752,-0.28489,-21.07995,0.00000,,0.00004,-0.00000,-4.17467,0.00000,,0.97529,0.07793,0.03125,,,,
eurusd,M2 FFF,8,1,1423,-6.46269,-0.27006,-18.93685,0.01483,5.61865,0.00004,-0.00000,-4.42473,0.00000,2.11463,0.98631,0.10185,0.07292,,,,
eurusd,M3 FFF+intraday GARCH,8,1,1423,-6.64095,-0.44832,-25.96742,-0.16343,-7.01571,0.00004,-0.00000,-5.58155,-0.00000,-0.33665,1.00632,0.10804,0.08333,-0.09296,-10.67883,-0.00000,-3.39539
eurusd,M4 raw intraday GARCH,8,1,1423,-6.54799,-0.35535,-20.81337,-0.07047,-2.68677,0.00004,0.00000,2.14424,0.00000,2.82512,1.00821,0.16032,0.14236,,,,
spx,M0 flat,8,0,1382,-3.88949,0.00000,,0.06461,13.61859,0.00664,0.00000,,0.00010,1.71569,1.05779,0.15703,0.15000,,,,
spx,M1 hist. profile,8,0,1382,-3.95409,-0.06461,-13.61859,0.00000,,0.00654,-0.00010,-1.71569,0.00000,,1.06145,0.04414,0.00000,,,,
spx,M2 FFF,8,0,1382,-3.94837,-0.05888,-13.29877,0.00573,3.88349,0.00652,-0.00012,-1.71207,-0.00002,-1.39544,1.06109,0.06106,0.01250,,,,
spx,M3 FFF+intraday GARCH,8,0,1382,-4.19324,-0.30376,-17.92634,-0.23915,-13.71002,0.00623,-0.00041,-1.98308,-0.00031,-1.88782,1.00196,0.06956,0.03750,-0.05200,-20.11280,-0.00010,-1.28774
spx,M4 raw intraday GARCH,8,0,1382,-4.14125,-0.25176,-14.72898,-0.18715,-10.39320,0.00633,-0.00031,-2.06875,-0.00021,-1.69946,1.00282,0.13388,0.12500,,,,
btc,M0 flat,3,1,1095,-2.80986,0.00000,,0.04441,14.60956,0.05140,0.00000,,0.00002,1.52115,0.81101,0.21519,0.37500,,,,
btc,M1 hist. profile,3,1,1095,-2.85427,-0.04441,-14.60956,0.00000,,0.05138,-0.00002,-1.52115,0.00000,,0.81294,0.15832,0.15278,,,,
btc,M2 FFF,3,1,1095,-2.90230,-0.09244,-20.87238,-0.04803,-14.09380,0.05128,-0.00013,-11.52392,-0.00011,-10.75387,0.83697,0.14451,0.11458,,,,
btc,M3 FFF+intraday GARCH,3,1,1095,-3.36364,-0.55378,-24.15450,-0.50937,-21.76215,0.05241,0.00100,0.93525,0.00102,0.95517,0.93593,0.08873,0.04167,-0.00385,-4.02501,-0.00050,-1.91856
btc,M4 raw intraday GARCH,3,1,1095,-3.35979,-0.54993,-23.47300,-0.50552,-21.11598,0.05291,0.00150,1.14920,0.00152,1.16574,0.93898,0.09421,0.04514,,,,
