k_days,T/k,alpha,beta,persistence,half_life,mean_lag,median_lag
1,5381,0.0373,0.9586,0.9959,168.4494,219.3696,143.5665
2,2690,0.0543,0.9383,0.9926,186.5541,237.7337,153.1589
3,1793,0.0739,0.9091,0.9831,121.6485,143.9931,86.9217
4,1345,0.0854,0.8944,0.9798,135.7767,160.0039,96.1476
5,1076,0.1095,0.8656,0.9752,137.8251,164.1417,99.6992
6,896,0.1028,0.8700,0.9728,150.7589,174.3480,102.6677
7,768,0.1094,0.8618,0.9713,166.4054,192.9204,113.9191
8,672,0.1517,0.8053,0.9570,126.0621,144.8170,84.6440
9,597,0.1070,0.8374,0.9444,108.9685,106.4059,47.6299
10,538,0.1347,0.7987,0.9334,100.6073,100.5276,47.3232
