k,T/k,mean,sd,skew,kurtosis,rho1,Q10,VR,rho1_abs,Q10_abs,VR_abs
1,70640,0.0001,0.1002,0.7738,59.9938,-0.0051,52.9217,0.8887,0.3093,60024.7542,0.0520
2,35320,0.0002,0.1421,0.9797,51.1753,-0.0208,81.4976,0.8925,0.3195,27254.8475,0.0975
4,17660,0.0004,0.2002,1.5112,60.0727,-0.0059,33.8133,0.8861,0.3080,9949.3698,0.1863
5,14128,0.0005,0.2183,0.2839,11.7189,0.0313,28.4833,0.8433,0.3446,8416.7990,0.2134
8,8830,0.0008,0.2816,1.5253,41.7364,0.0079,25.2015,0.8770,0.2953,3766.1441,0.3372
10,7064,0.0011,0.3109,0.4925,17.0676,0.0299,38.7137,0.8547,0.2942,3153.0964,0.3934
16,4415,0.0017,0.3985,0.7134,22.3244,0.0122,21.1836,0.8778,0.2244,1809.3139,0.5460
20,3532,0.0021,0.4505,0.8846,21.0926,0.0182,13.2700,0.8975,0.2345,1407.6947,0.6087
40,1766,0.0042,0.6499,0.7505,18.2609,0.0020,20.6201,0.9339,0.2484,706.3606,0.8105
