k,T/k,mu,theta,omega,alpha,beta,se_mu,se_theta,se_omega,se_alpha,se_beta,persistence,converged,half_life,mean_lag,median_lag
1,74016,0.0001,-0.0091,0.0000,0.1024,0.8735,0.0001,0.0054,0.0000,0.0138,0.0179,0.9760,True,142.5492,168.6268,101.7292
2,37008,0.0001,-0.0237,0.0000,0.0886,0.8877,0.0002,0.0077,0.0000,0.0192,0.0272,0.9764,True,289.9465,334.2484,196.1204
3,24672,-0.0000,-0.0369,0.0001,0.0956,0.8825,0.0003,0.0084,0.0000,0.0242,0.0314,0.9781,True,468.8583,556.2754,336.5983
4,18504,0.0000,-0.0291,0.0001,0.1014,0.8697,0.0004,0.0103,0.0000,0.0247,0.0324,0.9710,True,471.3341,536.5913,310.3071
6,12336,-0.0000,-0.0404,0.0002,0.0961,0.8723,0.0006,0.0149,0.0001,0.0249,0.0343,0.9684,True,646.9295,713.4463,396.2392
8,9252,0.0001,-0.0288,0.0003,0.1011,0.8609,0.0007,0.0153,0.0001,0.0330,0.0464,0.9619,True,714.4974,763.4463,405.0643
9,8224,-0.0006,-0.0346,0.0003,0.1017,0.8654,0.0009,0.0160,0.0002,0.0391,0.0515,0.9671,True,931.7638,1032.4957,577.1350
12,6168,-0.0007,-0.0271,0.0006,0.0895,0.8556,0.0012,0.0156,0.0004,0.0419,0.0685,0.9451,True,736.6493,677.6247,258.5151
16,4626,-0.0002,-0.0101,0.0005,0.0844,0.8844,0.0016,0.0195,0.0003,0.0292,0.0434,0.9688,True,1749.3655,1872.0351,995.5110
18,4112,-0.0008,-0.0168,0.0007,0.0899,0.8754,0.0017,0.0200,0.0004,0.0330,0.0486,0.9652,True,1762.7766,1866.3590,976.0243
24,3084,-0.0009,0.0051,0.0009,0.0693,0.8867,0.0024,0.0216,0.0005,0.0218,0.0408,0.9560,True,1847.4760,1666.9710,596.7880
32,2313,-0.0009,-0.0081,0.0010,0.0829,0.8855,0.0031,0.0258,0.0006,0.0279,0.0417,0.9684,True,3450.9258,3661.7442,1921.6248
36,2056,-0.0018,-0.0166,0.0023,0.0902,0.8356,0.0035,0.0316,0.0033,0.0684,0.1706,0.9258,True,1618.0005,1330.8456,306.9707
48,1542,-0.0012,-0.0111,0.0024,0.0669,0.8726,0.0046,0.0270,0.0017,0.0277,0.0651,0.9395,True,2666.2646,2084.2566,309.7681
72,1028,-0.0024,0.0269,0.0055,0.0641,0.8459,0.0081,0.0393,0.0071,0.0458,0.1534,0.9100,True,2646.4871,1664.0652,180.0000
96,771,-0.0018,-0.0402,0.0076,0.0639,0.8499,0.0102,0.0493,0.0060,0.0402,0.0950,0.9138,True,3691.2283,2370.7273,240.0000
144,514,-0.0008,-0.0410,0.0164,0.0787,0.8013,0.0156,0.0528,0.0086,0.0334,0.0705,0.8801,True,3906.6929,2379.4957,360.0000
