,ppml_coef,ppml_robust_t,ols_coef,ols_robust_t
const,2.5049,3.1519,-0.1046,-0.2247
n/N1,-9.7438,-3.6730,-7.2943,-5.0063
n2/N2,3.5040,3.6780,2.6585,5.1995
I(n=78),-0.9411,-2.4562,-0.9006,-3.8948
I(n=79),-2.1984,-5.0311,-2.2818,-7.3722
I(n=80),-2.7931,-4.7551,-3.2463,-10.5232
cos1,-1.5325,-2.7638,-1.1267,-3.8564
sin1,0.4167,3.2817,0.5620,7.5571
cos2,-0.4170,-3.0287,-0.1875,-2.5651
sin2,0.2425,3.3508,0.3072,6.7641
const*sig^1,-1.4787,-2.0376,-0.2615,-0.6647
n/N1*sig^1,4.9467,2.0649,1.3826,1.1145
n2/N2*sig^1,-1.8258,-2.1382,-0.5811,-1.3301
I(n=78)*sig^1,0.3646,1.2048,0.0596,0.3023
I(n=79)*sig^1,0.6351,1.7704,0.1577,0.5924
I(n=80)*sig^1,0.8317,1.7674,0.5985,2.2708
cos1*sig^1,0.9792,1.9437,0.3523,1.4108
sin1*sig^1,-0.2679,-2.6584,-0.2228,-3.4726
cos2*sig^1,0.2657,2.1165,0.0699,1.1232
sin2*sig^1,-0.0603,-0.9714,-0.1114,-2.8322
