k,persistence,alpha,half_life,asset,window,series
1,0.9869,0.1421,262.9349,eurusd,2004-10,raw
2,0.9495,0.1767,133.6909,eurusd,2004-10,raw
3,0.9168,0.2163,119.7066,eurusd,2004-10,raw
4,0.8629,0.2284,94.0170,eurusd,2004-10,raw
6,0.7499,0.2321,72.2511,eurusd,2004-10,raw
8,0.6997,0.2131,77.6329,eurusd,2004-10,raw
9,0.6120,0.2313,63.5143,eurusd,2004-10,raw
12,0.5119,0.1516,62.1023,eurusd,2004-10,raw
16,0.3640,0.2901,54.8728,eurusd,2004-10,raw
18,0.2115,0.2056,40.1507,eurusd,2004-10,raw
24,0.1745,0.1745,47.6438,eurusd,2004-10,raw
32,0.1676,0.1676,62.0945,eurusd,2004-10,raw
36,0.0459,0.0459,40.5034,eurusd,2004-10,raw
48,0.0008,0.0000,23.3882,eurusd,2004-10,raw
72,0.5491,0.0000,416.2660,eurusd,2004-10,raw
96,0.8577,0.0024,2168.1345,eurusd,2004-10,raw
144,0.9804,0.0000,25238.0906,eurusd,2004-10,raw
1,0.9211,0.0970,42.1934,eurusd,2004-10,filtered
2,0.8793,0.1123,53.8662,eurusd,2004-10,filtered
3,0.8033,0.1209,47.4723,eurusd,2004-10,filtered
4,0.7929,0.1158,59.7290,eurusd,2004-10,filtered
6,0.6105,0.1321,42.1358,eurusd,2004-10,filtered
8,0.6784,0.1045,71.4528,eurusd,2004-10,filtered
9,0.5094,0.1153,46.2431,eurusd,2004-10,filtered
12,0.7887,0.0435,175.2202,eurusd,2004-10,filtered
16,0.2447,0.1615,39.3923,eurusd,2004-10,filtered
18,0.1223,0.1207,29.6931,eurusd,2004-10,filtered
24,0.0693,0.0693,31.1626,eurusd,2004-10,filtered
32,0.0710,0.0710,41.9240,eurusd,2004-10,filtered
36,0.0307,0.0307,35.8203,eurusd,2004-10,filtered
48,0.0064,0.0000,32.9022,eurusd,2004-10,filtered
72,0.3934,0.0000,267.4702,eurusd,2004-10,filtered
96,0.7491,0.0296,1151.4627,eurusd,2004-10,filtered
144,1.0002,0.0000,inf,eurusd,2004-10,filtered
1,0.9910,0.1635,382.8363,eurusd,2005-10,raw
2,0.9745,0.1938,268.2047,eurusd,2005-10,raw
3,0.9427,0.2541,176.1951,eurusd,2005-10,raw
4,0.8865,0.2337,115.0602,eurusd,2005-10,raw
6,0.7751,0.3157,81.6115,eurusd,2005-10,raw
8,0.6732,0.2576,70.0686,eurusd,2005-10,raw
9,0.6797,0.3724,80.7776,eurusd,2005-10,raw
12,0.4764,0.2326,56.0903,eurusd,2005-10,raw
16,0.3470,0.1683,52.3842,eurusd,2005-10,raw
18,0.1608,0.1567,34.1313,eurusd,2005-10,raw
24,0.1815,0.1490,48.7468,eurusd,2005-10,raw
32,0.0849,0.0849,44.9771,eurusd,2005-10,raw
36,0.0006,0.0000,16.8196,eurusd,2005-10,raw
48,0.0002,0.0000,19.7777,eurusd,2005-10,raw
72,0.4657,0.0000,326.5663,eurusd,2005-10,raw
96,0.9925,0.0081,44440.9417,eurusd,2005-10,raw
144,0.9911,0.0262,56021.4020,eurusd,2005-10,raw
1,0.9231,0.1115,43.3249,eurusd,2005-10,filtered
2,0.9318,0.0829,98.1435,eurusd,2005-10,filtered
3,0.8617,0.1127,69.8558,eurusd,2005-10,filtered
4,0.8986,0.0697,129.6857,eurusd,2005-10,filtered
6,0.7739,0.1148,81.1210,eurusd,2005-10,filtered
8,0.7108,0.0983,81.2350,eurusd,2005-10,filtered
9,0.5775,0.1402,56.8108,eurusd,2005-10,filtered
12,0.4969,0.1239,59.4650,eurusd,2005-10,filtered
16,0.6526,0.0771,129.9266,eurusd,2005-10,filtered
18,0.2188,0.0689,41.0572,eurusd,2005-10,filtered
24,0.0821,0.0821,33.2801,eurusd,2005-10,filtered
32,0.0668,0.0668,40.9930,eurusd,2005-10,filtered
36,0.4199,0.0124,143.7682,eurusd,2005-10,filtered
48,0.1053,0.0000,73.9080,eurusd,2005-10,filtered
72,0.4004,0.0000,272.6179,eurusd,2005-10,filtered
96,0.9910,0.0058,36795.3402,eurusd,2005-10,filtered
144,0.9919,0.0183,61309.1547,eurusd,2005-10,filtered
1,0.9979,0.1706,1683.0836,eurusd,2006-10,raw
2,0.9774,0.2204,303.5725,eurusd,2006-10,raw
3,0.9370,0.2556,159.7615,eurusd,2006-10,raw
4,0.9135,0.2781,153.2479,eurusd,2006-10,raw
6,0.7819,0.3186,84.5095,eurusd,2006-10,raw
8,0.7291,0.3287,87.7444,eurusd,2006-10,raw
9,0.5448,0.2585,51.3527,eurusd,2006-10,raw
12,0.5146,0.1788,62.5998,eurusd,2006-10,raw
16,0.3749,0.2823,56.5253,eurusd,2006-10,raw
18,0.2496,0.2160,44.9423,eurusd,2006-10,raw
24,0.2814,0.0853,65.5907,eurusd,2006-10,raw
32,0.1730,0.1090,63.2153,eurusd,2006-10,raw
36,0.0007,0.0000,17.3215,eurusd,2006-10,raw
48,0.0720,0.0720,63.2411,eurusd,2006-10,raw
72,0.0016,0.0000,38.6457,eurusd,2006-10,raw
96,0.9886,0.0076,29139.7405,eurusd,2006-10,raw
144,0.9847,0.0064,32423.8115,eurusd,2006-10,raw
1,0.9158,0.1174,39.3897,eurusd,2006-10,filtered
2,0.8862,0.1074,57.3946,eurusd,2006-10,filtered
3,0.7996,0.1342,46.4793,eurusd,2006-10,filtered
4,0.7811,0.1366,56.1072,eurusd,2006-10,filtered
6,0.7748,0.0874,81.4959,eurusd,2006-10,filtered
8,0.6898,0.1034,74.6651,eurusd,2006-10,filtered
9,0.5006,0.1535,45.0798,eurusd,2006-10,filtered
12,0.5397,0.0729,67.4252,eurusd,2006-10,filtered
16,0.2423,0.1705,39.1143,eurusd,2006-10,filtered
18,0.2642,0.1355,46.8664,eurusd,2006-10,filtered
24,0.6861,0.0276,220.7529,eurusd,2006-10,filtered
32,0.6545,0.0692,261.6663,eurusd,2006-10,filtered
36,0.0191,0.0000,31.5202,eurusd,2006-10,filtered
48,0.0335,0.0335,49.0020,eurusd,2006-10,filtered
72,0.0041,0.0000,45.3735,eurusd,2006-10,filtered
96,0.7744,0.0000,1301.5829,eurusd,2006-10,filtered
144,0.8363,0.0000,2792.3256,eurusd,2006-10,filtered
1,1.0013,0.1416,inf,eurusd,2007-10,raw
2,0.9869,0.1799,525.6752,eurusd,2007-10,raw
3,0.9738,0.1805,391.9607,eurusd,2007-10,raw
4,0.9568,0.1758,313.7635,eurusd,2007-10,raw
6,0.9088,0.1714,217.3289,eurusd,2007-10,raw
8,0.9013,0.1691,266.9288,eurusd,2007-10,raw
9,0.8808,0.1840,245.7239,eurusd,2007-10,raw
12,0.9982,0.0096,22701.3923,eurusd,2007-10,raw
16,0.9981,0.0113,28423.3905,eurusd,2007-10,raw
18,0.9964,0.0138,17342.7092,eurusd,2007-10,raw
24,0.9500,0.0500,1621.6089,eurusd,2007-10,raw
32,0.9982,0.0149,62201.4058,eurusd,2007-10,raw
36,0.9958,0.0182,29402.7814,eurusd,2007-10,raw
48,0.9500,0.0500,3243.2178,eurusd,2007-10,raw
72,0.9942,0.0277,42810.3650,eurusd,2007-10,raw
96,0.9858,0.0343,23323.4718,eurusd,2007-10,raw
144,0.9802,0.0529,24953.4686,eurusd,2007-10,raw
1,0.9798,0.0835,169.5363,eurusd,2007-10,filtered
2,0.9760,0.0689,284.9194,eurusd,2007-10,filtered
3,0.9779,0.0671,465.5793,eurusd,2007-10,filtered
4,0.9953,0.0169,2966.1497,eurusd,2007-10,filtered
6,0.9957,0.0150,4811.4636,eurusd,2007-10,filtered
8,0.9971,0.0139,9454.1755,eurusd,2007-10,filtered
9,0.9965,0.0162,9001.3674,eurusd,2007-10,filtered
12,0.9980,0.0134,20337.7122,eurusd,2007-10,filtered
16,0.9976,0.0167,22873.8745,eurusd,2007-10,filtered
18,0.9953,0.0182,13360.2117,eurusd,2007-10,filtered
24,0.9971,0.0187,28761.9811,eurusd,2007-10,filtered
32,0.9963,0.0232,29791.4055,eurusd,2007-10,filtered
36,0.9920,0.0299,15554.7059,eurusd,2007-10,filtered
48,0.9929,0.0258,23504.5194,eurusd,2007-10,filtered
72,0.9786,0.0526,11532.4833,eurusd,2007-10,filtered
96,0.9775,0.0555,14624.1686,eurusd,2007-10,filtered
144,0.9568,0.0856,11297.6688,eurusd,2007-10,filtered
1,1.0002,0.1011,inf,eurusd,2008-10,raw
2,0.9973,0.1147,2570.2594,eurusd,2008-10,raw
3,0.9959,0.1347,2505.0920,eurusd,2008-10,raw
4,0.9909,0.1327,1519.8512,eurusd,2008-10,raw
6,0.9995,0.0088,45120.7791,eurusd,2008-10,raw
8,0.9995,0.0089,55739.4803,eurusd,2008-10,raw
9,0.9997,0.0075,96664.6070,eurusd,2008-10,raw
12,0.9995,0.0107,89591.6879,eurusd,2008-10,raw
16,0.9995,0.0108,113642.5522,eurusd,2008-10,raw
18,0.9997,0.0086,234290.4493,eurusd,2008-10,raw
24,0.9994,0.0115,130173.1126,eurusd,2008-10,raw
32,0.9990,0.0135,109726.8942,eurusd,2008-10,raw
36,0.9990,0.0152,128163.4281,eurusd,2008-10,raw
48,0.9991,0.0143,188909.8866,eurusd,2008-10,raw
72,0.9981,0.0264,129518.5044,eurusd,2008-10,raw
96,0.9979,0.0237,162116.4828,eurusd,2008-10,raw
144,0.9974,0.0246,189062.5587,eurusd,2008-10,raw
1,0.9971,0.0489,1175.2624,eurusd,2008-10,filtered
2,0.9972,0.0467,2507.8401,eurusd,2008-10,filtered
3,0.9974,0.0411,3937.5254,eurusd,2008-10,filtered
4,0.9989,0.0246,12963.2244,eurusd,2008-10,filtered
6,0.9983,0.0273,12334.8286,eurusd,2008-10,filtered
8,0.9996,0.0119,66498.4728,eurusd,2008-10,filtered
9,0.9997,0.0089,101566.8930,eurusd,2008-10,filtered
12,0.9995,0.0120,89152.1237,eurusd,2008-10,filtered
16,0.9995,0.0125,102537.1323,eurusd,2008-10,filtered
18,0.9996,0.0097,172307.4448,eurusd,2008-10,filtered
24,0.9994,0.0133,131647.8708,eurusd,2008-10,filtered
32,0.9989,0.0173,99609.2995,eurusd,2008-10,filtered
36,0.9991,0.0158,134184.5016,eurusd,2008-10,filtered
48,0.9991,0.0168,191577.3451,eurusd,2008-10,filtered
72,0.9984,0.0214,154987.0268,eurusd,2008-10,filtered
96,0.9976,0.0270,138403.9337,eurusd,2008-10,filtered
144,0.9972,0.0269,179522.8783,eurusd,2008-10,filtered
1,0.9910,0.1182,383.1032,eurusd,2009-10,raw
2,0.9737,0.1449,259.7367,eurusd,2009-10,raw
3,0.9497,0.1674,201.6080,eurusd,2009-10,raw
4,0.9316,0.1848,195.5420,eurusd,2009-10,raw
6,0.8856,0.1813,171.2253,eurusd,2009-10,raw
8,0.8427,0.1811,161.9861,eurusd,2009-10,raw
9,0.8379,0.1754,176.4141,eurusd,2009-10,raw
12,0.7649,0.1908,155.1410,eurusd,2009-10,raw
16,0.6759,0.1869,141.5503,eurusd,2009-10,raw
18,0.9500,0.0500,1216.2067,eurusd,2009-10,raw
24,0.9939,0.0193,13568.6972,eurusd,2009-10,raw
32,0.9500,0.0500,2162.1452,eurusd,2009-10,raw
36,0.9908,0.0175,13516.2292,eurusd,2009-10,raw
48,0.9905,0.0246,17375.6111,eurusd,2009-10,raw
72,0.9840,0.0345,15430.7833,eurusd,2009-10,raw
96,0.9841,0.0280,20763.4790,eurusd,2009-10,raw
144,0.9745,0.0509,19294.5613,eurusd,2009-10,raw
1,0.9810,0.0653,180.4981,eurusd,2009-10,filtered
2,0.9792,0.0533,329.2901,eurusd,2009-10,filtered
3,0.9742,0.0538,397.1376,eurusd,2009-10,filtered
4,0.9770,0.0479,596.6319,eurusd,2009-10,filtered
6,0.9880,0.0260,1723.5584,eurusd,2009-10,filtered
8,0.9889,0.0246,2478.1870,eurusd,2009-10,filtered
9,0.9781,0.0353,1409.5080,eurusd,2009-10,filtered
12,0.9934,0.0182,6296.1003,eurusd,2009-10,filtered
16,0.9943,0.0175,9636.7652,eurusd,2009-10,filtered
18,0.9955,0.0159,13894.0338,eurusd,2009-10,filtered
24,0.9931,0.0246,12037.1925,eurusd,2009-10,filtered
32,0.9945,0.0166,20202.3435,eurusd,2009-10,filtered
36,0.9914,0.0204,14500.3377,eurusd,2009-10,filtered
48,0.9907,0.0284,17856.3160,eurusd,2009-10,filtered
72,0.9824,0.0391,14058.7556,eurusd,2009-10,filtered
96,0.9741,0.0392,12688.0218,eurusd,2009-10,filtered
144,0.9737,0.0492,18749.3755,eurusd,2009-10,filtered
1,0.9913,0.1146,397.6696,eurusd,2010-10,raw
2,0.9760,0.1624,285.6006,eurusd,2010-10,raw
3,0.9507,0.1895,205.6952,eurusd,2010-10,raw
4,0.9272,0.1951,183.3660,eurusd,2010-10,raw
6,0.8509,0.1829,128.7783,eurusd,2010-10,raw
8,0.7694,0.2184,105.7716,eurusd,2010-10,raw
9,0.7647,0.2212,116.2946,eurusd,2010-10,raw
12,0.6642,0.2083,101.6232,eurusd,2010-10,raw
16,0.5382,0.2223,89.5144,eurusd,2010-10,raw
18,0.4075,0.1616,69.4959,eurusd,2010-10,raw
24,0.3368,0.1528,76.4360,eurusd,2010-10,raw
32,0.1696,0.1696,62.4978,eurusd,2010-10,raw
36,0.0695,0.0695,46.7865,eurusd,2010-10,raw
48,0.0672,0.0672,61.5954,eurusd,2010-10,raw
72,0.0428,0.0000,79.2048,eurusd,2010-10,raw
96,0.9496,0.0197,6440.1509,eurusd,2010-10,raw
144,0.9310,0.0116,6984.7263,eurusd,2010-10,raw
1,0.9797,0.0615,168.6187,eurusd,2010-10,filtered
2,0.9635,0.0713,186.6506,eurusd,2010-10,filtered
3,0.9599,0.0655,254.2729,eurusd,2010-10,filtered
4,0.9499,0.0689,269.4771,eurusd,2010-10,filtered
6,0.9943,0.0146,3620.9968,eurusd,2010-10,filtered
8,0.9945,0.0153,5059.3690,eurusd,2010-10,filtered
9,0.9500,0.0500,608.1033,eurusd,2010-10,filtered
12,0.9500,0.0500,810.8044,eurusd,2010-10,filtered
16,0.9500,0.0500,1081.0726,eurusd,2010-10,filtered
18,0.9933,0.0166,9343.2254,eurusd,2010-10,filtered
24,0.9500,0.0500,1621.6089,eurusd,2010-10,filtered
32,0.9500,0.0500,2162.1452,eurusd,2010-10,filtered
36,0.9500,0.0500,2432.4133,eurusd,2010-10,filtered
48,0.9792,0.0267,7925.4820,eurusd,2010-10,filtered
72,0.9856,0.0226,17146.1364,eurusd,2010-10,filtered
96,0.9480,0.0409,6230.4650,eurusd,2010-10,filtered
144,0.8616,0.0470,3351.0630,eurusd,2010-10,filtered
1,1.0020,0.1316,inf,eurusd,2011-10,raw
2,0.9956,0.1788,1557.8069,eurusd,2011-10,raw
3,0.9638,0.1811,282.1032,eurusd,2011-10,raw
4,0.9573,0.2234,317.6994,eurusd,2011-10,raw
6,0.8969,0.2154,191.1166,eurusd,2011-10,raw
8,0.8444,0.2359,163.9600,eurusd,2011-10,raw
9,0.8523,0.2368,195.2393,eurusd,2011-10,raw
12,0.7367,0.2463,136.0815,eurusd,2011-10,raw
16,0.6714,0.1845,139.2137,eurusd,2011-10,raw
18,0.5699,0.3047,110.9322,eurusd,2011-10,raw
24,0.4149,0.1832,94.5544,eurusd,2011-10,raw
32,0.2550,0.1441,81.1683,eurusd,2011-10,raw
36,0.1804,0.1800,72.8647,eurusd,2011-10,raw
48,0.0723,0.0723,63.3300,eurusd,2011-10,raw
72,0.9937,0.0131,39661.4659,eurusd,2011-10,raw
96,0.9928,0.0138,46151.8893,eurusd,2011-10,raw
144,0.9887,0.0166,43885.9939,eurusd,2011-10,raw
1,0.9784,0.0757,158.7238,eurusd,2011-10,filtered
2,0.9682,0.0734,214.2861,eurusd,2011-10,filtered
3,0.9667,0.0595,306.7037,eurusd,2011-10,filtered
4,0.9563,0.0635,310.3556,eurusd,2011-10,filtered
6,0.9658,0.0461,597.8243,eurusd,2011-10,filtered
8,0.9952,0.0155,5774.3015,eurusd,2011-10,filtered
9,0.9839,0.0284,1923.8074,eurusd,2011-10,filtered
12,0.9977,0.0081,17766.4793,eurusd,2011-10,filtered
16,0.9976,0.0086,23562.4669,eurusd,2011-10,filtered
18,0.9974,0.0097,23578.1562,eurusd,2011-10,filtered
24,0.9969,0.0102,26763.9256,eurusd,2011-10,filtered
32,0.9967,0.0103,33505.8800,eurusd,2011-10,filtered
36,0.9500,0.0500,2432.4133,eurusd,2011-10,filtered
48,0.9954,0.0104,35952.8943,eurusd,2011-10,filtered
72,0.9901,0.0205,25149.3102,eurusd,2011-10,filtered
96,0.9869,0.0221,25220.1810,eurusd,2011-10,filtered
144,0.9841,0.0211,31173.9059,eurusd,2011-10,filtered
1,1.0088,0.1446,inf,eurusd,2012-10,raw
2,1.0036,0.1936,inf,eurusd,2012-10,raw
3,0.9816,0.2091,561.2197,eurusd,2012-10,raw
4,0.9690,0.2546,439.9065,eurusd,2012-10,raw
6,0.9116,0.3119,224.6511,eurusd,2012-10,raw
8,0.8386,0.3238,157.4733,eurusd,2012-10,raw
9,0.7850,0.3219,128.8374,eurusd,2012-10,raw
12,0.6981,0.2944,115.7008,eurusd,2012-10,raw
16,0.6169,0.2440,114.8138,eurusd,2012-10,raw
18,0.5415,0.2884,101.7117,eurusd,2012-10,raw
24,0.3783,0.1724,85.5722,eurusd,2012-10,raw
32,0.3265,0.2015,99.0919,eurusd,2012-10,raw
36,0.0790,0.0790,49.1468,eurusd,2012-10,raw
48,0.1264,0.1262,80.4224,eurusd,2012-10,raw
72,0.0371,0.0371,75.7343,eurusd,2012-10,raw
96,0.1461,0.1461,173.0042,eurusd,2012-10,raw
144,0.9869,0.0138,37848.8084,eurusd,2012-10,raw
1,0.9701,0.0848,114.2012,eurusd,2012-10,filtered
2,0.9448,0.0847,122.0532,eurusd,2012-10,filtered
3,0.9310,0.0818,145.5009,eurusd,2012-10,filtered
4,0.9086,0.0901,144.5884,eurusd,2012-10,filtered
6,0.8184,0.1241,103.7374,eurusd,2012-10,filtered
8,0.7845,0.1321,114.2219,eurusd,2012-10,filtered
9,0.7530,0.1126,109.9588,eurusd,2012-10,filtered
12,0.6203,0.1273,87.0842,eurusd,2012-10,filtered
16,0.6695,0.1111,138.1886,eurusd,2012-10,filtered
18,0.6027,0.1126,123.2143,eurusd,2012-10,filtered
24,0.1740,0.1740,47.5727,eurusd,2012-10,filtered
32,0.4343,0.1443,132.9730,eurusd,2012-10,filtered
36,0.6681,0.0757,309.3297,eurusd,2012-10,filtered
48,0.6297,0.0843,359.7236,eurusd,2012-10,filtered
72,0.5569,0.0889,426.2289,eurusd,2012-10,filtered
96,0.2301,0.2301,226.4661,eurusd,2012-10,filtered
144,0.2605,0.1169,370.9686,eurusd,2012-10,filtered
1,1.0492,0.2130,inf,eurusd,2013-10,raw
2,1.0714,0.2839,inf,eurusd,2013-10,raw
3,1.0566,0.3295,inf,eurusd,2013-10,raw
4,1.0441,0.3535,inf,eurusd,2013-10,raw
6,1.0809,0.5010,inf,eurusd,2013-10,raw
8,0.9285,0.4605,373.8769,eurusd,2013-10,raw
9,0.7474,0.3449,107.1392,eurusd,2013-10,raw
12,0.7272,0.3737,130.5527,eurusd,2013-10,raw
16,0.5252,0.5047,86.1196,eurusd,2013-10,raw
18,0.3711,0.3025,62.9300,eurusd,2013-10,raw
24,0.3909,0.3776,88.5601,eurusd,2013-10,raw
32,0.1635,0.0774,61.2399,eurusd,2013-10,raw
36,0.2024,0.1098,78.1001,eurusd,2013-10,raw
48,0.0702,0.0702,62.6230,eurusd,2013-10,raw
72,0.0045,0.0000,46.1701,eurusd,2013-10,raw
96,0.9892,0.0125,30557.4092,eurusd,2013-10,raw
144,0.9721,0.0088,17616.1178,eurusd,2013-10,raw
1,0.9908,0.1294,373.7892,eurusd,2013-10,filtered
2,0.9798,0.1261,338.9732,eurusd,2013-10,filtered
3,0.9546,0.1178,223.7561,eurusd,2013-10,filtered
4,0.9328,0.1663,199.1951,eurusd,2013-10,filtered
6,0.8824,0.1956,166.1787,eurusd,2013-10,filtered
8,0.9500,0.0500,540.5363,eurusd,2013-10,filtered
9,0.9500,0.0500,608.1033,eurusd,2013-10,filtered
12,0.9995,0.0079,82354.0939,eurusd,2013-10,filtered
16,0.9500,0.0500,1081.0726,eurusd,2013-10,filtered
18,0.9500,0.0500,1216.2067,eurusd,2013-10,filtered
24,0.2022,0.1639,52.0328,eurusd,2013-10,filtered
32,0.9500,0.0500,2162.1452,eurusd,2013-10,filtered
36,0.9500,0.0500,2432.4133,eurusd,2013-10,filtered
48,0.9284,0.0231,2238.0198,eurusd,2013-10,filtered
72,0.9949,0.0196,48600.3418,eurusd,2013-10,filtered
96,0.9956,0.0298,74644.1803,eurusd,2013-10,filtered
144,0.9874,0.0310,39435.8151,eurusd,2013-10,filtered
1,1.0286,0.1903,inf,eurusd,2014-10,raw
2,1.0265,0.2346,inf,eurusd,2014-10,raw
3,1.0043,0.2585,inf,eurusd,2014-10,raw
4,0.9895,0.2793,1318.3063,eurusd,2014-10,raw
6,0.9349,0.2771,308.9348,eurusd,2014-10,raw
8,0.8842,0.2907,225.3211,eurusd,2014-10,raw
9,0.8797,0.2946,243.3951,eurusd,2014-10,raw
12,0.7455,0.2871,141.5931,eurusd,2014-10,raw
16,0.5927,0.2255,106.0262,eurusd,2014-10,raw
18,0.6102,0.2770,126.2993,eurusd,2014-10,raw
24,0.5230,0.1765,128.3304,eurusd,2014-10,raw
32,0.3558,0.1503,107.3282,eurusd,2014-10,raw
36,0.4066,0.0667,138.6333,eurusd,2014-10,raw
48,0.9500,0.0500,3243.2178,eurusd,2014-10,raw
72,0.9863,0.0192,18148.1252,eurusd,2014-10,raw
96,0.9561,0.0212,7414.8444,eurusd,2014-10,raw
144,0.9573,0.0445,11425.6255,eurusd,2014-10,raw
1,0.9806,0.1084,177.3523,eurusd,2014-10,filtered
2,0.9566,0.1197,156.1920,eurusd,2014-10,filtered
3,0.9655,0.0825,296.3109,eurusd,2014-10,filtered
4,0.9663,0.0830,404.1723,eurusd,2014-10,filtered
6,0.9401,0.0928,336.7367,eurusd,2014-10,filtered
8,0.9366,0.0971,423.1949,eurusd,2014-10,filtered
9,0.9342,0.0858,458.1444,eurusd,2014-10,filtered
12,0.9754,0.0400,1671.5058,eurusd,2014-10,filtered
16,0.9500,0.0500,1081.0726,eurusd,2014-10,filtered
18,0.9822,0.0296,3476.5631,eurusd,2014-10,filtered
24,0.9511,0.0479,1659.6662,eurusd,2014-10,filtered
32,0.9194,0.0553,1320.2313,eurusd,2014-10,filtered
36,0.9035,0.0728,1229.4200,eurusd,2014-10,filtered
48,0.9500,0.0500,3243.2178,eurusd,2014-10,filtered
72,0.9767,0.0323,10564.4960,eurusd,2014-10,filtered
96,0.9686,0.0348,10443.6978,eurusd,2014-10,filtered
144,0.9538,0.0716,10561.7177,eurusd,2014-10,filtered
1,1.0246,0.1889,inf,eurusd,2015-10,raw
2,1.0229,0.2336,inf,eurusd,2015-10,raw
3,1.0099,0.3381,inf,eurusd,2015-10,raw
4,0.9150,0.3121,156.1375,eurusd,2015-10,raw
6,0.9476,0.4567,386.5682,eurusd,2015-10,raw
8,0.8777,0.3532,212.5528,eurusd,2015-10,raw
9,0.8458,0.3533,186.2576,eurusd,2015-10,raw
12,0.7439,0.2266,140.5727,eurusd,2015-10,raw
16,0.5715,0.3751,99.1093,eurusd,2015-10,raw
18,0.4880,0.2288,86.9512,eurusd,2015-10,raw
24,0.7675,0.5258,314.3073,eurusd,2015-10,raw
32,0.4367,0.4227,133.8480,eurusd,2015-10,raw
36,0.4065,0.3500,138.6057,eurusd,2015-10,raw
48,0.5329,0.5329,264.2950,eurusd,2015-10,raw
72,0.2940,0.2940,203.8619,eurusd,2015-10,raw
96,0.4228,0.0752,386.4400,eurusd,2015-10,raw
144,0.3243,0.0000,443.1831,eurusd,2015-10,raw
1,0.9714,0.1031,119.6071,eurusd,2015-10,filtered
2,0.9618,0.1096,177.9396,eurusd,2015-10,filtered
3,0.9561,0.0966,231.7779,eurusd,2015-10,filtered
4,0.9525,0.0872,284.9408,eurusd,2015-10,filtered
6,0.9368,0.1199,318.7058,eurusd,2015-10,filtered
8,0.9354,0.1048,414.8463,eurusd,2015-10,filtered
9,0.9020,0.1692,302.5065,eurusd,2015-10,filtered
12,0.8885,0.1164,351.9231,eurusd,2015-10,filtered
16,0.8594,0.1636,365.8719,eurusd,2015-10,filtered
18,0.8479,0.1197,378.2147,eurusd,2015-10,filtered
24,0.8169,0.2141,411.3517,eurusd,2015-10,filtered
32,0.7977,0.1708,490.6821,eurusd,2015-10,filtered
36,0.6970,0.2935,345.7066,eurusd,2015-10,filtered
48,0.6537,0.2909,391.3098,eurusd,2015-10,filtered
72,0.5935,0.5576,478.2226,eurusd,2015-10,filtered
96,0.8201,0.6114,1677.7086,eurusd,2015-10,filtered
144,0.4352,0.4352,599.9094,eurusd,2015-10,filtered
1,1.0130,0.1633,inf,eurusd,2016-10,raw
2,1.0166,0.2314,inf,eurusd,2016-10,raw
3,0.9899,0.2478,1024.2280,eurusd,2016-10,raw
4,0.9493,0.2656,266.3638,eurusd,2016-10,raw
6,0.9047,0.2981,207.6497,eurusd,2016-10,raw
8,0.7819,0.2863,112.6972,eurusd,2016-10,raw
9,0.8158,0.3501,153.2086,eurusd,2016-10,raw
12,0.7133,0.2292,123.0825,eurusd,2016-10,raw
16,0.7274,0.2039,174.2245,eurusd,2016-10,raw
18,0.5139,0.3109,93.7199,eurusd,2016-10,raw
24,0.5081,0.2920,122.8426,eurusd,2016-10,raw
32,0.3931,0.1413,118.7716,eurusd,2016-10,raw
36,0.4629,0.2568,161.9883,eurusd,2016-10,raw
48,0.1962,0.1186,102.1501,eurusd,2016-10,raw
72,0.9892,0.0134,23017.3217,eurusd,2016-10,raw
96,0.0819,0.0819,132.9618,eurusd,2016-10,raw
144,0.9803,0.0112,25118.0962,eurusd,2016-10,raw
1,0.9733,0.1003,128.2388,eurusd,2016-10,filtered
2,0.9581,0.1258,161.9579,eurusd,2016-10,filtered
3,0.9326,0.1175,149.0655,eurusd,2016-10,filtered
4,0.9233,0.1187,173.7358,eurusd,2016-10,filtered
6,0.8757,0.1573,156.6772,eurusd,2016-10,filtered
8,0.8795,0.1205,215.9845,eurusd,2016-10,filtered
9,0.8522,0.1558,195.0078,eurusd,2016-10,filtered
12,0.8760,0.0828,314.2334,eurusd,2016-10,filtered
16,0.8880,0.1181,466.8811,eurusd,2016-10,filtered
18,0.7628,0.1425,230.3650,eurusd,2016-10,filtered
24,0.5681,0.2609,147.0940,eurusd,2016-10,filtered
32,0.6429,0.0930,251.0017,eurusd,2016-10,filtered
36,0.5975,0.2576,242.2735,eurusd,2016-10,filtered
48,0.2697,0.0981,126.9537,eurusd,2016-10,filtered
72,0.0902,0.0902,103.7067,eurusd,2016-10,filtered
96,0.0755,0.0755,128.7922,eurusd,2016-10,filtered
144,0.9850,0.0146,33097.0600,eurusd,2016-10,filtered
1,1.0046,0.1434,inf,eurusd,2017-10,raw
2,0.9935,0.1868,1057.7503,eurusd,2017-10,raw
3,0.9684,0.2013,323.3074,eurusd,2017-10,raw
4,0.9395,0.2287,222.0411,eurusd,2017-10,raw
6,0.8645,0.1953,142.8383,eurusd,2017-10,raw
8,0.8211,0.2027,140.6606,eurusd,2017-10,raw
9,0.7589,0.1877,113.0551,eurusd,2017-10,raw
12,0.7472,0.1506,142.6780,eurusd,2017-10,raw
16,0.6310,0.2020,120.4370,eurusd,2017-10,raw
18,0.5881,0.1706,117.5260,eurusd,2017-10,raw
24,0.4768,0.1321,112.3029,eurusd,2017-10,raw
32,0.3318,0.1843,100.5154,eurusd,2017-10,raw
36,0.2936,0.0741,101.8045,eurusd,2017-10,raw
48,0.0946,0.0913,70.5571,eurusd,2017-10,raw
72,0.9785,0.0137,11476.9950,eurusd,2017-10,raw
96,0.9626,0.0203,8720.7523,eurusd,2017-10,raw
144,0.2232,0.0000,332.7385,eurusd,2017-10,raw
1,0.9608,0.0853,86.6539,eurusd,2017-10,filtered
2,0.9405,0.0840,113.0246,eurusd,2017-10,filtered
3,0.9377,0.0675,161.6391,eurusd,2017-10,filtered
4,0.9016,0.0861,133.9034,eurusd,2017-10,filtered
6,0.9687,0.0415,653.2270,eurusd,2017-10,filtered
8,0.9754,0.0347,1111.3420,eurusd,2017-10,filtered
9,0.9717,0.0343,1084.9334,eurusd,2017-10,filtered
12,0.9677,0.0367,1266.5629,eurusd,2017-10,filtered
16,0.9500,0.0500,1081.0726,eurusd,2017-10,filtered
18,0.9663,0.0284,1817.9117,eurusd,2017-10,filtered
24,0.9744,0.0308,3204.4811,eurusd,2017-10,filtered
32,0.9032,0.0331,1089.7020,eurusd,2017-10,filtered
36,0.9876,0.0205,10005.3794,eurusd,2017-10,filtered
48,0.9500,0.0500,3243.2178,eurusd,2017-10,filtered
72,0.9828,0.0206,14423.0846,eurusd,2017-10,filtered
96,0.9711,0.0272,11338.6571,eurusd,2017-10,filtered
144,0.9598,0.0164,12172.8838,eurusd,2017-10,filtered
1,1.0190,0.1536,inf,eurusd,2018-10,raw
2,1.0297,0.2334,inf,eurusd,2018-10,raw
3,1.0360,0.2637,inf,eurusd,2018-10,raw
4,1.0223,0.3184,inf,eurusd,2018-10,raw
6,0.9666,0.3317,613.0320,eurusd,2018-10,raw
8,0.8611,0.3095,185.3723,eurusd,2018-10,raw
9,0.8537,0.2896,197.2483,eurusd,2018-10,raw
12,0.8422,0.3921,242.1208,eurusd,2018-10,raw
16,0.6304,0.2957,120.1751,eurusd,2018-10,raw
18,0.5653,0.2544,109.3557,eurusd,2018-10,raw
24,0.4577,0.1774,106.4209,eurusd,2018-10,raw
32,0.2562,0.1511,81.4386,eurusd,2018-10,raw
36,0.1685,0.1684,70.0520,eurusd,2018-10,raw
48,0.0912,0.0912,69.4740,eurusd,2018-10,raw
72,0.9944,0.0113,44715.3133,eurusd,2018-10,raw
96,0.9919,0.0119,40685.0766,eurusd,2018-10,raw
144,0.9927,0.0105,68314.1041,eurusd,2018-10,raw
1,0.9774,0.0852,151.8042,eurusd,2018-10,filtered
2,0.9626,0.1059,181.6169,eurusd,2018-10,filtered
3,0.9518,0.0911,210.6802,eurusd,2018-10,filtered
4,0.9411,0.0919,228.2607,eurusd,2018-10,filtered
6,0.9102,0.1201,220.9599,eurusd,2018-10,filtered
8,0.9804,0.0329,1398.5211,eurusd,2018-10,filtered
9,0.9672,0.0450,933.9984,eurusd,2018-10,filtered
12,0.9678,0.0412,1271.8744,eurusd,2018-10,filtered
16,0.9805,0.0294,2820.2547,eurusd,2018-10,filtered
18,0.9355,0.0712,935.8078,eurusd,2018-10,filtered
24,0.9555,0.0483,1828.5377,eurusd,2018-10,filtered
32,0.9839,0.0287,6831.6486,eurusd,2018-10,filtered
36,0.9904,0.0187,12867.7236,eurusd,2018-10,filtered
48,0.9723,0.0357,5926.8563,eurusd,2018-10,filtered
72,0.9942,0.0142,43043.5380,eurusd,2018-10,filtered
96,0.9921,0.0176,41835.4449,eurusd,2018-10,filtered
144,0.9904,0.0175,51980.3352,eurusd,2018-10,filtered
1,1.0160,0.1448,inf,eurusd,2019-10,raw
2,1.0275,0.2044,inf,eurusd,2019-10,raw
3,1.0286,0.2355,inf,eurusd,2019-10,raw
4,1.0317,0.2702,inf,eurusd,2019-10,raw
6,1.0335,0.3134,inf,eurusd,2019-10,raw
8,1.0131,0.3191,inf,eurusd,2019-10,raw
9,1.0334,0.3881,inf,eurusd,2019-10,raw
12,0.9888,0.3978,3679.6704,eurusd,2019-10,raw
16,0.9987,0.0222,41827.4341,eurusd,2019-10,raw
18,0.9990,0.0194,65550.5498,eurusd,2019-10,raw
24,0.9978,0.0247,37866.9123,eurusd,2019-10,raw
32,0.9962,0.0299,28997.2472,eurusd,2019-10,raw
36,0.9970,0.0314,40972.6121,eurusd,2019-10,raw
48,0.9952,0.0418,34251.3580,eurusd,2019-10,raw
72,0.9936,0.0471,38957.4334,eurusd,2019-10,raw
96,0.9970,0.0551,109004.2577,eurusd,2019-10,raw
144,0.9829,0.0623,28929.8406,eurusd,2019-10,raw
1,1.0004,0.0623,inf,eurusd,2019-10,filtered
2,0.9999,0.0650,72207.9567,eurusd,2019-10,filtered
3,0.9992,0.0600,13567.0498,eurusd,2019-10,filtered
4,0.9992,0.0594,16316.2498,eurusd,2019-10,filtered
6,0.9999,0.0440,268500.1603,eurusd,2019-10,filtered
8,0.9992,0.0341,34111.8977,eurusd,2019-10,filtered
9,0.9999,0.0596,247244.0807,eurusd,2019-10,filtered
12,0.9989,0.0296,37646.1035,eurusd,2019-10,filtered
16,0.9987,0.0410,41095.9689,eurusd,2019-10,filtered
18,0.9990,0.0364,61439.6741,eurusd,2019-10,filtered
24,0.9975,0.0377,33385.3339,eurusd,2019-10,filtered
32,0.9978,0.0387,50527.2635,eurusd,2019-10,filtered
36,0.9981,0.0451,65217.5134,eurusd,2019-10,filtered
48,0.9968,0.0630,51895.2835,eurusd,2019-10,filtered
72,0.9962,0.0631,65222.2614,eurusd,2019-10,filtered
96,0.9987,0.0686,251091.4739,eurusd,2019-10,filtered
144,0.9913,0.0747,57238.8846,eurusd,2019-10,filtered
1,1.0009,0.1382,inf,eurusd,2020-10,raw
2,0.9908,0.2031,753.8756,eurusd,2020-10,raw
3,0.9729,0.2062,378.4389,eurusd,2020-10,raw
4,0.9686,0.2811,434.9623,eurusd,2020-10,raw
6,0.9148,0.2605,233.3980,eurusd,2020-10,raw
8,0.8403,0.2866,159.3790,eurusd,2020-10,raw
9,0.7572,0.2580,112.1611,eurusd,2020-10,raw
12,0.6063,0.2694,83.1032,eurusd,2020-10,raw
16,0.6170,0.2317,114.8241,eurusd,2020-10,raw
18,0.4889,0.1794,87.1688,eurusd,2020-10,raw
24,0.3571,0.1495,80.7835,eurusd,2020-10,raw
32,0.1641,0.1246,61.3701,eurusd,2020-10,raw
36,0.0490,0.0490,41.3695,eurusd,2020-10,raw
48,0.0493,0.0493,55.2609,eurusd,2020-10,raw
72,0.9361,0.0107,3777.7525,eurusd,2020-10,raw
96,0.9887,0.0116,29330.0274,eurusd,2020-10,raw
144,0.9848,0.0079,32652.9880,eurusd,2020-10,raw
1,0.9602,0.0685,85.2951,eurusd,2020-10,filtered
2,0.9648,0.0587,193.3556,eurusd,2020-10,filtered
3,0.9562,0.0591,232.0150,eurusd,2020-10,filtered
4,0.9612,0.0597,350.5062,eurusd,2020-10,filtered
6,0.9498,0.0586,403.5437,eurusd,2020-10,filtered
8,0.9272,0.0712,366.9110,eurusd,2020-10,filtered
9,0.9109,0.0642,334.2509,eurusd,2020-10,filtered
12,0.9049,0.0588,416.2190,eurusd,2020-10,filtered
16,0.8709,0.0722,401.1676,eurusd,2020-10,filtered
18,0.9500,0.0500,1216.2067,eurusd,2020-10,filtered
24,0.7619,0.0722,305.8558,eurusd,2020-10,filtered
32,0.9500,0.0500,2162.1452,eurusd,2020-10,filtered
36,0.5286,0.0206,195.6878,eurusd,2020-10,filtered
48,0.0946,0.0000,70.5424,eurusd,2020-10,filtered
72,0.9369,0.0198,3827.3897,eurusd,2020-10,filtered
96,0.9911,0.0119,37397.1796,eurusd,2020-10,filtered
144,0.9247,0.0238,6372.8688,eurusd,2020-10,filtered
1,1.0154,0.1469,inf,eurusd,2021-10,raw
2,1.0260,0.2239,inf,eurusd,2021-10,raw
3,1.0212,0.2470,inf,eurusd,2021-10,raw
4,1.0150,0.2529,inf,eurusd,2021-10,raw
6,0.9888,0.3070,1848.4120,eurusd,2021-10,raw
8,0.9759,0.3442,1134.4265,eurusd,2021-10,raw
9,0.9447,0.3471,548.6674,eurusd,2021-10,raw
12,0.8644,0.3652,285.3265,eurusd,2021-10,raw
16,0.9992,0.0161,71331.4322,eurusd,2021-10,raw
18,0.9985,0.0285,42873.2852,eurusd,2021-10,raw
24,0.5565,0.2889,141.9271,eurusd,2021-10,raw
32,0.9500,0.0500,2162.1452,eurusd,2021-10,raw
36,0.9500,0.0500,2432.4133,eurusd,2021-10,raw
48,0.9500,0.0500,3243.2178,eurusd,2021-10,raw
72,1.0007,0.0149,inf,eurusd,2021-10,raw
96,1.0025,0.0196,inf,eurusd,2021-10,raw
144,1.0027,0.0282,inf,eurusd,2021-10,raw
1,0.9977,0.0538,1513.9915,eurusd,2021-10,filtered
2,0.9971,0.0526,2351.0906,eurusd,2021-10,filtered
3,0.9960,0.0571,2599.4521,eurusd,2021-10,filtered
4,0.9967,0.0426,4256.3843,eurusd,2021-10,filtered
6,0.9971,0.0330,7250.0793,eurusd,2021-10,filtered
8,0.9992,0.0195,33944.9243,eurusd,2021-10,filtered
9,0.9987,0.0209,24102.4429,eurusd,2021-10,filtered
12,0.9993,0.0224,58242.6058,eurusd,2021-10,filtered
16,0.9965,0.0349,15937.4368,eurusd,2021-10,filtered
18,0.9985,0.0313,40443.1657,eurusd,2021-10,filtered
24,0.9999,0.0281,903929.7606,eurusd,2021-10,filtered
32,0.9978,0.0331,49518.9897,eurusd,2021-10,filtered
36,0.9990,0.0301,131111.7769,eurusd,2021-10,filtered
48,1.0004,0.0299,inf,eurusd,2021-10,filtered
72,0.9976,0.0419,104608.3338,eurusd,2021-10,filtered
96,1.0016,0.0293,inf,eurusd,2021-10,filtered
144,0.9943,0.0629,86873.4460,eurusd,2021-10,filtered
1,1.0398,0.2109,inf,eurusd,2023-10,raw
2,1.0511,0.2623,inf,eurusd,2023-10,raw
3,1.0452,0.2945,inf,eurusd,2023-10,raw
4,1.0297,0.3386,inf,eurusd,2023-10,raw
6,1.0085,0.4136,inf,eurusd,2023-10,raw
8,0.9491,0.3931,530.6058,eurusd,2023-10,raw
9,0.8838,0.3879,252.5785,eurusd,2023-10,raw
12,0.8178,0.4038,206.7936,eurusd,2023-10,raw
16,0.6522,0.2718,129.7249,eurusd,2023-10,raw
18,0.5639,0.2530,108.8890,eurusd,2023-10,raw
24,0.4922,0.3286,117.3266,eurusd,2023-10,raw
32,0.3047,0.3046,93.3073,eurusd,2023-10,raw
36,0.0860,0.0860,50.8550,eurusd,2023-10,raw
48,0.2029,0.2029,104.2841,eurusd,2023-10,raw
72,0.9965,0.0023,70700.7364,eurusd,2023-10,raw
96,0.7870,0.0364,1389.2087,eurusd,2023-10,raw
144,0.9927,0.0053,67816.9984,eurusd,2023-10,raw
1,0.9617,0.0666,88.8534,eurusd,2023-10,filtered
2,0.9660,0.0595,200.2762,eurusd,2023-10,filtered
3,0.9560,0.0593,231.3093,eurusd,2023-10,filtered
4,0.9543,0.0560,296.6378,eurusd,2023-10,filtered
6,0.9318,0.0680,294.4991,eurusd,2023-10,filtered
8,0.9239,0.0806,350.2586,eurusd,2023-10,filtered
9,0.9500,0.0500,608.1033,eurusd,2023-10,filtered
12,0.9500,0.0500,810.8044,eurusd,2023-10,filtered
16,0.9149,0.0685,623.2042,eurusd,2023-10,filtered
18,0.9500,0.0500,1216.2067,eurusd,2023-10,filtered
24,0.9893,0.0198,7758.2697,eurusd,2023-10,filtered
32,0.5769,0.1310,201.5935,eurusd,2023-10,filtered
36,0.9951,0.0118,25640.8964,eurusd,2023-10,filtered
48,0.9716,0.0436,5774.7572,eurusd,2023-10,filtered
72,0.9770,0.0281,10743.4206,eurusd,2023-10,filtered
96,0.7891,0.0706,1404.3891,eurusd,2023-10,filtered
144,0.9885,0.0208,42963.8732,eurusd,2023-10,filtered
1,1.0187,0.1879,inf,eurusd,2024-10,raw
2,1.0046,0.2149,inf,eurusd,2024-10,raw
3,0.9934,0.2445,1577.1194,eurusd,2024-10,raw
4,0.9924,0.3147,1812.7818,eurusd,2024-10,raw
6,0.9254,0.3854,268.3231,eurusd,2024-10,raw
8,0.9301,0.3068,382.6905,eurusd,2024-10,raw
9,0.8851,0.2873,255.5497,eurusd,2024-10,raw
12,0.8248,0.1892,215.9486,eurusd,2024-10,raw
16,0.8022,0.1880,251.6648,eurusd,2024-10,raw
18,0.9603,0.0466,1540.9851,eurusd,2024-10,raw
24,0.9483,0.0500,1568.2196,eurusd,2024-10,raw
32,0.9589,0.0561,2641.6289,eurusd,2024-10,raw
36,0.9098,0.0629,1320.5959,eurusd,2024-10,raw
48,0.9322,0.0442,2370.0421,eurusd,2024-10,raw
72,0.9171,0.0490,2882.1504,eurusd,2024-10,raw
96,0.8999,0.0444,3154.3044,eurusd,2024-10,raw
144,0.8700,0.0785,3583.4124,eurusd,2024-10,raw
1,0.9760,0.1024,142.5492,eurusd,2024-10,filtered
2,0.9764,0.0886,289.9465,eurusd,2024-10,filtered
3,0.9781,0.0956,468.8583,eurusd,2024-10,filtered
4,0.9710,0.1014,471.3341,eurusd,2024-10,filtered
6,0.9684,0.0961,646.9295,eurusd,2024-10,filtered
8,0.9619,0.1011,714.4974,eurusd,2024-10,filtered
9,0.9671,0.1017,931.7638,eurusd,2024-10,filtered
12,0.9451,0.0895,736.6493,eurusd,2024-10,filtered
16,0.9688,0.0844,1749.3655,eurusd,2024-10,filtered
18,0.9652,0.0899,1762.7766,eurusd,2024-10,filtered
24,0.9560,0.0693,1847.4760,eurusd,2024-10,filtered
32,0.9684,0.0829,3450.9258,eurusd,2024-10,filtered
36,0.9258,0.0902,1618.0005,eurusd,2024-10,filtered
48,0.9395,0.0669,2666.2646,eurusd,2024-10,filtered
72,0.9100,0.0641,2646.4871,eurusd,2024-10,filtered
96,0.9138,0.0639,3691.2283,eurusd,2024-10,filtered
144,0.8801,0.0787,3906.6929,eurusd,2024-10,filtered
1,0.9990,0.1087,3442.2790,spx,2011-01,raw
2,0.9954,0.1483,1499.1608,spx,2011-01,raw
4,0.9962,0.0665,3617.9996,spx,2011-01,raw
5,0.9971,0.0623,6012.6403,spx,2011-01,raw
8,0.9968,0.0570,8744.0022,spx,2011-01,raw
10,0.9968,0.0696,10698.2866,spx,2011-01,raw
16,0.9985,0.0761,38176.0302,spx,2011-01,raw
20,0.9950,0.0688,13937.0481,spx,2011-01,raw
40,0.9771,0.1090,5985.7320,spx,2011-01,raw
1,0.9987,0.0552,2645.1992,spx,2011-01,filtered
2,0.9971,0.0671,2400.3095,spx,2011-01,filtered
4,0.9968,0.0631,4344.3781,spx,2011-01,filtered
5,0.9981,0.0655,9130.5012,spx,2011-01,filtered
8,0.9970,0.0670,9230.6627,spx,2011-01,filtered
10,0.9960,0.0883,8644.0168,spx,2011-01,filtered
16,0.9977,0.0856,23978.4820,spx,2011-01,filtered
20,0.9934,0.0763,10522.7214,spx,2011-01,filtered
40,0.9798,0.1184,6779.6057,spx,2011-01,filtered
1,0.9674,0.1074,104.5891,spx,2012-01,raw
2,0.9159,0.1402,78.9179,spx,2012-01,raw
4,0.9927,0.0221,1886.8896,spx,2012-01,raw
5,0.9962,0.0174,4507.2477,spx,2012-01,raw
8,0.9500,0.0500,540.5363,spx,2012-01,raw
10,0.9943,0.0241,6048.4565,spx,2012-01,raw
16,0.9500,0.0500,1081.0726,spx,2012-01,raw
20,0.9899,0.0327,6813.4746,spx,2012-01,raw
40,0.9743,0.0595,5328.7723,spx,2012-01,raw
1,0.9938,0.0425,553.7993,spx,2012-01,filtered
2,0.9933,0.0421,1028.8226,spx,2012-01,filtered
4,0.9936,0.0376,2143.0016,spx,2012-01,filtered
5,0.9933,0.0376,2591.3746,spx,2012-01,filtered
8,0.9862,0.0560,1995.1889,spx,2012-01,filtered
10,0.9921,0.0468,4387.4998,spx,2012-01,filtered
16,0.9812,0.0396,2926.0988,spx,2012-01,filtered
20,0.9878,0.0551,5662.6123,spx,2012-01,filtered
40,0.9764,0.0857,5802.8917,spx,2012-01,filtered
1,0.9599,0.1168,84.7292,spx,2013-01,raw
2,0.9343,0.1197,101.9604,spx,2013-01,raw
4,0.9578,0.0660,321.4417,spx,2013-01,raw
5,0.9475,0.0651,321.6206,spx,2013-01,raw
8,0.9495,0.0643,535.1214,spx,2013-01,raw
10,0.9427,0.0549,587.7811,spx,2013-01,raw
16,0.8110,0.1269,264.7325,spx,2013-01,raw
20,0.9149,0.0873,779.3409,spx,2013-01,raw
40,0.8834,0.1016,1118.4902,spx,2013-01,raw
1,0.9934,0.0518,527.1887,spx,2013-01,filtered
2,0.9873,0.0574,541.2883,spx,2013-01,filtered
4,0.9783,0.0729,630.7185,spx,2013-01,filtered
5,0.9705,0.0884,578.5109,spx,2013-01,filtered
8,0.9634,0.0981,744.5734,spx,2013-01,filtered
10,0.9511,0.0991,690.6803,spx,2013-01,filtered
16,0.9152,0.1606,626.0145,spx,2013-01,filtered
20,0.9339,0.1267,1013.1385,spx,2013-01,filtered
40,0.8966,0.1428,1270.2780,spx,2013-01,filtered
1,0.9830,0.0965,201.7061,spx,2014-01,raw
2,0.9752,0.1195,276.3876,spx,2014-01,raw
4,0.9757,0.0773,564.3020,spx,2014-01,raw
5,0.9768,0.0824,738.2797,spx,2014-01,raw
8,0.9679,0.0805,850.4680,spx,2014-01,raw
10,0.9725,0.0846,1240.9907,spx,2014-01,raw
16,0.9618,0.0971,1424.9092,spx,2014-01,raw
20,0.9724,0.0912,2478.6287,spx,2014-01,raw
40,0.9246,0.2314,1768.4373,spx,2014-01,raw
1,0.9940,0.0591,579.9199,spx,2014-01,filtered
2,0.9925,0.0779,916.4353,spx,2014-01,filtered
4,0.9868,0.0855,1043.1911,spx,2014-01,filtered
5,0.9829,0.1007,1006.2519,spx,2014-01,filtered
8,0.9735,0.1226,1031.2265,spx,2014-01,filtered
10,0.9750,0.1249,1366.6904,spx,2014-01,filtered
16,0.9605,0.1597,1376.8304,spx,2014-01,filtered
20,0.9727,0.1193,2505.0041,spx,2014-01,filtered
40,0.9434,0.2930,2377.6900,spx,2014-01,filtered
1,1.0038,0.1325,inf,spx,2015-01,raw
2,0.9904,0.1741,721.9613,spx,2015-01,raw
4,0.9657,0.1052,397.0672,spx,2015-01,raw
5,0.9770,0.1359,745.4442,spx,2015-01,raw
8,0.9800,0.1347,1374.8320,spx,2015-01,raw
10,0.9456,0.3608,619.5963,spx,2015-01,raw
16,0.9454,0.2840,988.0127,spx,2015-01,raw
20,0.9353,0.2143,1035.6118,spx,2015-01,raw
40,0.7326,0.4693,445.5209,spx,2015-01,raw
1,0.9974,0.0688,1316.3870,spx,2015-01,filtered
2,0.9926,0.0900,938.4081,spx,2015-01,filtered
4,0.9778,0.0859,618.4985,spx,2015-01,filtered
5,0.9817,0.1315,938.3143,spx,2015-01,filtered
8,0.9806,0.1212,1416.8042,spx,2015-01,filtered
10,0.9551,0.2364,754.4846,spx,2015-01,filtered
16,0.9369,0.2016,851.0607,spx,2015-01,filtered
20,0.9483,0.1485,1305.4166,spx,2015-01,filtered
40,0.7596,0.3440,504.1802,spx,2015-01,filtered
1,0.9972,0.0768,1234.2725,spx,2016-01,raw
2,0.9952,0.0793,1433.5538,spx,2016-01,raw
4,0.9905,0.0764,1453.4056,spx,2016-01,raw
5,0.9879,0.0857,1429.0556,spx,2016-01,raw
8,0.9884,0.0759,2378.9513,spx,2016-01,raw
10,0.9869,0.0714,2625.2811,spx,2016-01,raw
16,0.9829,0.0826,3211.3147,spx,2016-01,raw
20,0.9787,0.0984,3225.1156,spx,2016-01,raw
40,0.9632,0.1286,3696.2582,spx,2016-01,raw
1,0.9978,0.0485,1583.1757,spx,2016-01,filtered
2,0.9956,0.0685,1578.8662,spx,2016-01,filtered
4,0.9909,0.0825,1510.5082,spx,2016-01,filtered
5,0.9910,0.0832,1924.6756,spx,2016-01,filtered
8,0.9849,0.0930,1816.2933,spx,2016-01,filtered
10,0.9859,0.0834,2444.2705,spx,2016-01,filtered
16,0.9781,0.1140,2507.4217,spx,2016-01,filtered
20,0.9686,0.1497,2173.5075,spx,2016-01,filtered
40,0.9694,0.1364,4455.0374,spx,2016-01,filtered
1,0.9831,0.1195,203.7210,spx,2017-01,raw
2,0.9698,0.1483,226.2837,spx,2017-01,raw
4,0.9391,0.1597,220.4853,spx,2017-01,raw
5,0.8888,0.1753,147.0536,spx,2017-01,raw
8,0.8998,0.1357,262.6458,spx,2017-01,raw
10,0.9237,0.0855,436.9083,spx,2017-01,raw
16,0.8896,0.0938,473.9626,spx,2017-01,raw
20,0.9246,0.0908,883.9233,spx,2017-01,raw
40,0.7658,0.1338,519.5095,spx,2017-01,raw
1,0.9939,0.0721,562.8440,spx,2017-01,filtered
2,0.9929,0.0854,978.0248,spx,2017-01,filtered
4,0.9836,0.1238,836.6535,spx,2017-01,filtered
5,0.9754,0.1152,695.4938,spx,2017-01,filtered
8,0.9613,0.1555,703.0520,spx,2017-01,filtered
10,0.9458,0.1368,622.4039,spx,2017-01,filtered
16,0.8762,0.1560,419.4284,spx,2017-01,filtered
20,0.8989,0.2251,650.2149,spx,2017-01,filtered
40,0.7728,0.4829,537.8906,spx,2017-01,filtered
1,0.9999,0.0978,29584.7979,spx,2018-01,raw
2,0.9981,0.0787,3693.6256,spx,2018-01,raw
4,1.0005,0.0909,inf,spx,2018-01,raw
5,0.9993,0.1059,24040.7432,spx,2018-01,raw
8,1.0005,0.1232,inf,spx,2018-01,raw
10,1.0044,0.1302,inf,spx,2018-01,raw
16,1.0062,0.1611,inf,spx,2018-01,raw
20,1.0152,0.1887,inf,spx,2018-01,raw
40,1.0449,0.3043,inf,spx,2018-01,raw
1,0.9989,0.0719,3056.8148,spx,2018-01,filtered
2,0.9984,0.0707,4380.7193,spx,2018-01,filtered
4,1.0018,0.0888,inf,spx,2018-01,filtered
5,1.0004,0.1055,inf,spx,2018-01,filtered
8,1.0011,0.1193,inf,spx,2018-01,filtered
10,1.0038,0.1289,inf,spx,2018-01,filtered
16,1.0070,0.1588,inf,spx,2018-01,filtered
20,1.0143,0.1873,inf,spx,2018-01,filtered
40,1.0390,0.2846,inf,spx,2018-01,filtered
1,0.9989,0.1121,3170.2673,spx,2019-01,raw
2,0.9931,0.1182,999.7736,spx,2019-01,raw
4,0.9843,0.0672,875.1100,spx,2019-01,raw
5,0.9875,0.0698,1373.7674,spx,2019-01,raw
8,0.9710,0.0976,941.1047,spx,2019-01,raw
10,0.9684,0.0842,1080.9543,spx,2019-01,raw
16,0.9364,0.1204,844.2078,spx,2019-01,raw
20,0.9628,0.0889,1826.5410,spx,2019-01,raw
40,0.9365,0.1228,2113.4786,spx,2019-01,raw
1,1.0015,0.0656,inf,spx,2019-01,filtered
2,1.0013,0.0840,inf,spx,2019-01,filtered
4,0.9912,0.1086,1560.8281,spx,2019-01,filtered
5,0.9933,0.0973,2571.6109,spx,2019-01,filtered
8,0.9839,0.1497,1707.7696,spx,2019-01,filtered
10,0.9800,0.1241,1716.0010,spx,2019-01,filtered
16,0.9503,0.1728,1088.6506,spx,2019-01,filtered
20,0.9768,0.1431,2951.2896,spx,2019-01,filtered
40,0.9611,0.1502,3496.3758,spx,2019-01,filtered
1,1.0101,0.1359,inf,spx,2020-01,raw
2,1.0116,0.1992,inf,spx,2020-01,raw
4,1.0006,0.1573,inf,spx,2020-01,raw
5,0.9970,0.1054,5747.6912,spx,2020-01,raw
8,0.9914,0.1235,3228.0507,spx,2020-01,raw
10,0.9968,0.1236,10648.8201,spx,2020-01,raw
16,0.9977,0.1575,24452.7654,spx,2020-01,raw
20,1.0036,0.1883,inf,spx,2020-01,raw
40,0.9770,0.2405,5950.3101,spx,2020-01,raw
1,1.0033,0.0872,inf,spx,2020-01,filtered
2,1.0018,0.1175,inf,spx,2020-01,filtered
4,0.9998,0.1459,58556.1383,spx,2020-01,filtered
5,1.0007,0.1366,inf,spx,2020-01,filtered
8,0.9911,0.1645,3092.5147,spx,2020-01,filtered
10,0.9999,0.1500,259711.4058,spx,2020-01,filtered
16,1.0014,0.1803,inf,spx,2020-01,filtered
20,1.0093,0.2344,inf,spx,2020-01,filtered
40,0.9660,0.1888,4008.6534,spx,2020-01,filtered
1,1.0007,0.1505,inf,spx,2021-01,raw
2,0.9951,0.1903,1401.8148,spx,2021-01,raw
4,0.9792,0.1811,659.0457,spx,2021-01,raw
5,0.9791,0.1372,819.3726,spx,2021-01,raw
8,0.9807,0.1033,1424.1899,spx,2021-01,raw
10,0.9817,0.1205,1879.6844,spx,2021-01,raw
16,0.9685,0.1499,1733.4983,spx,2021-01,raw
20,0.9627,0.1778,1821.3679,spx,2021-01,raw
40,0.9378,0.1941,2159.2416,spx,2021-01,raw
1,0.9996,0.0975,9490.6937,spx,2021-01,filtered
2,0.9995,0.1251,14713.8492,spx,2021-01,filtered
4,0.9970,0.1219,4621.6153,spx,2021-01,filtered
5,0.9938,0.1234,2790.6041,spx,2021-01,filtered
8,0.9894,0.1223,2598.3411,spx,2021-01,filtered
10,0.9958,0.1391,8193.8442,spx,2021-01,filtered
16,0.9864,0.1871,4044.5726,spx,2021-01,filtered
20,0.9854,0.2010,4727.5463,spx,2021-01,filtered
40,0.9545,0.2316,2977.1448,spx,2021-01,filtered
1,0.9750,0.1094,137.0655,spx,2022-01,raw
2,0.9445,0.1343,121.4536,spx,2022-01,raw
4,0.8752,0.1687,103.9850,spx,2022-01,raw
5,0.9854,0.0539,1179.9082,spx,2022-01,raw
8,0.9681,0.0650,854.6694,spx,2022-01,raw
10,0.9809,0.0515,1801.1761,spx,2022-01,raw
16,0.9797,0.0474,2702.3642,spx,2022-01,raw
20,0.9663,0.0662,2023.6484,spx,2022-01,raw
40,0.8534,0.0552,874.5726,spx,2022-01,raw
1,0.9892,0.0857,320.6038,spx,2022-01,filtered
2,0.9801,0.1005,344.7769,spx,2022-01,filtered
4,0.9688,0.1053,436.9192,spx,2022-01,filtered
5,0.9870,0.0811,1321.6934,spx,2022-01,filtered
8,0.9765,0.0869,1163.5020,spx,2022-01,filtered
10,0.9886,0.0653,3016.7288,spx,2022-01,filtered
16,0.9836,0.0620,3357.4935,spx,2022-01,filtered
20,0.9735,0.0801,2580.5404,spx,2022-01,filtered
40,0.8777,0.0858,1062.5121,spx,2022-01,filtered
1,0.9886,0.1115,301.6107,spx,2024-01,raw
2,0.9715,0.1574,240.0533,spx,2024-01,raw
4,0.9794,0.1109,664.6919,spx,2024-01,raw
5,0.9606,0.1256,430.9011,spx,2024-01,raw
8,0.9768,0.0931,1182.9238,spx,2024-01,raw
10,0.9584,0.1429,814.8553,spx,2024-01,raw
16,0.9463,0.1216,1005.2777,spx,2024-01,raw
20,0.9253,0.1630,892.5473,spx,2024-01,raw
40,0.8378,0.0938,783.3652,spx,2024-01,raw
1,0.9966,0.0790,1022.0716,spx,2024-01,filtered
2,0.9922,0.1075,886.2279,spx,2024-01,filtered
4,0.9859,0.1230,972.8435,spx,2024-01,filtered
5,0.9820,0.1088,953.8517,spx,2024-01,filtered
8,0.9870,0.0966,2114.1084,spx,2024-01,filtered
10,0.9707,0.1513,1166.0143,spx,2024-01,filtered
16,0.9563,0.1391,1239.5534,spx,2024-01,filtered
20,0.9378,0.1968,1080.0123,spx,2024-01,filtered
40,0.8548,0.1708,883.4149,spx,2024-01,filtered
1,1.0076,0.1573,inf,spx,2025-01,raw
2,1.0045,0.1985,inf,spx,2025-01,raw
4,0.9983,0.1337,8257.4013,spx,2025-01,raw
5,0.9892,0.1208,1598.9024,spx,2025-01,raw
8,0.9822,0.0961,1542.0026,spx,2025-01,raw
10,0.9868,0.1149,2611.3164,spx,2025-01,raw
16,0.9829,0.1137,3207.4574,spx,2025-01,raw
20,0.9914,0.1598,8037.5467,spx,2025-01,raw
40,0.9545,0.1754,2974.0485,spx,2025-01,raw
1,1.0042,0.1245,inf,spx,2025-01,filtered
2,0.9974,0.1362,2661.9687,spx,2025-01,filtered
4,1.0005,0.1304,inf,spx,2025-01,filtered
5,0.9932,0.1418,2537.6742,spx,2025-01,filtered
8,0.9811,0.1158,1449.3945,spx,2025-01,filtered
10,0.9868,0.1342,2606.4115,spx,2025-01,filtered
16,0.9808,0.1327,2866.0337,spx,2025-01,filtered
20,0.9942,0.1859,11950.9805,spx,2025-01,filtered
40,0.9381,0.2017,2170.0331,spx,2025-01,filtered
1,1.0251,0.1331,inf,btc,2018-01,raw
2,1.0190,0.1200,inf,btc,2018-01,raw
3,1.0098,0.0965,inf,btc,2018-01,raw
4,1.0011,0.0381,inf,btc,2018-01,raw
6,1.0023,0.0581,inf,btc,2018-01,raw
8,1.0007,0.0409,inf,btc,2018-01,raw
9,1.0003,0.0432,inf,btc,2018-01,raw
12,1.0016,0.0575,inf,btc,2018-01,raw
16,0.9987,0.0328,41913.0594,btc,2018-01,raw
18,0.9991,0.0360,68094.4350,btc,2018-01,raw
24,1.0003,0.0364,inf,btc,2018-01,raw
32,0.9977,0.0421,48077.5550,btc,2018-01,raw
36,0.9975,0.0306,49601.5474,btc,2018-01,raw
48,0.9964,0.0475,46117.0823,btc,2018-01,raw
72,0.9976,0.0475,103562.2431,btc,2018-01,raw
96,0.9923,0.0855,43175.0287,btc,2018-01,raw
144,0.9752,0.0784,19858.6279,btc,2018-01,raw
1,1.0239,0.1319,inf,btc,2018-01,filtered
2,1.0128,0.0941,inf,btc,2018-01,filtered
3,1.0019,0.0402,inf,btc,2018-01,filtered
4,1.0010,0.0375,inf,btc,2018-01,filtered
6,1.0019,0.0560,inf,btc,2018-01,filtered
8,1.0007,0.0419,inf,btc,2018-01,filtered
9,1.0001,0.0435,inf,btc,2018-01,filtered
12,1.0014,0.0572,inf,btc,2018-01,filtered
16,0.9988,0.0331,44388.4555,btc,2018-01,filtered
18,0.9989,0.0362,59109.7674,btc,2018-01,filtered
24,1.0003,0.0367,inf,btc,2018-01,filtered
32,0.9976,0.0431,45227.9832,btc,2018-01,filtered
36,0.9971,0.0317,42384.6143,btc,2018-01,filtered
48,0.9962,0.0487,43996.9166,btc,2018-01,filtered
72,0.9970,0.0487,82666.0288,btc,2018-01,filtered
96,0.9920,0.0857,41175.0174,btc,2018-01,filtered
144,0.9739,0.0816,18855.8700,btc,2018-01,filtered
1,1.0466,0.2923,inf,btc,2019-01,raw
2,1.0697,0.3527,inf,btc,2019-01,raw
3,1.0899,0.4041,inf,btc,2019-01,raw
4,1.0746,0.3757,inf,btc,2019-01,raw
6,1.0445,0.2606,inf,btc,2019-01,raw
8,1.0248,0.2516,inf,btc,2019-01,raw
9,1.0123,0.2612,inf,btc,2019-01,raw
12,0.9699,0.1580,1359.0795,btc,2019-01,raw
16,0.9891,0.2766,5064.3775,btc,2019-01,raw
18,0.9564,0.1890,1399.9984,btc,2019-01,raw
24,0.9906,0.3425,8778.9360,btc,2019-01,raw
32,0.9516,0.2321,2234.0829,btc,2019-01,raw
36,0.9282,0.1742,1674.0305,btc,2019-01,raw
48,0.9440,0.1441,2885.5117,btc,2019-01,raw
72,0.9262,0.1046,3254.8453,btc,2019-01,raw
96,0.8966,0.1257,3048.3034,btc,2019-01,raw
144,0.8469,0.1396,3002.5250,btc,2019-01,raw
1,1.0408,0.2802,inf,btc,2019-01,filtered
2,1.0615,0.3347,inf,btc,2019-01,filtered
3,1.0739,0.3627,inf,btc,2019-01,filtered
4,1.0687,0.3627,inf,btc,2019-01,filtered
6,1.0418,0.2505,inf,btc,2019-01,filtered
8,1.0171,0.2376,inf,btc,2019-01,filtered
9,1.0008,0.2206,inf,btc,2019-01,filtered
12,0.9656,0.1441,1186.4629,btc,2019-01,filtered
16,1.0080,0.2910,inf,btc,2019-01,filtered
18,0.9558,0.1906,1379.1890,btc,2019-01,filtered
24,0.9902,0.3357,8487.8574,btc,2019-01,filtered
32,0.9705,0.2798,3704.8774,btc,2019-01,filtered
36,0.9273,0.1802,1653.4667,btc,2019-01,filtered
48,0.9458,0.1057,2983.0811,btc,2019-01,filtered
72,0.9316,0.0871,3520.9878,btc,2019-01,filtered
96,0.8913,0.1144,2889.9987,btc,2019-01,filtered
144,0.8477,0.1061,3020.9289,btc,2019-01,filtered
1,1.0144,0.1638,inf,btc,2020-01,raw
2,1.0263,0.2189,inf,btc,2020-01,raw
3,1.0272,0.2725,inf,btc,2020-01,raw
4,1.0297,0.2652,inf,btc,2020-01,raw
6,1.0181,0.1393,inf,btc,2020-01,raw
8,0.9982,0.0891,15049.0852,btc,2020-01,raw
9,1.0042,0.1188,inf,btc,2020-01,raw
12,1.0158,0.1554,inf,btc,2020-01,raw
16,0.9925,0.1141,7378.0354,btc,2020-01,raw
18,0.9895,0.1643,5887.7474,btc,2020-01,raw
24,0.9993,0.0789,115562.5236,btc,2020-01,raw
32,0.9959,0.0489,26707.7257,btc,2020-01,raw
36,1.0013,0.0696,inf,btc,2020-01,raw
48,0.9992,0.0752,199627.6445,btc,2020-01,raw
72,0.8636,0.3773,1701.2681,btc,2020-01,raw
96,0.9607,0.1324,8300.5885,btc,2020-01,raw
144,1.0123,0.1464,inf,btc,2020-01,raw
1,1.0087,0.1566,inf,btc,2020-01,filtered
2,1.0135,0.1927,inf,btc,2020-01,filtered
3,1.0100,0.2151,inf,btc,2020-01,filtered
4,1.0065,0.1871,inf,btc,2020-01,filtered
6,1.0042,0.1155,inf,btc,2020-01,filtered
8,0.9919,0.0873,3417.0896,btc,2020-01,filtered
9,0.9941,0.1040,5304.6778,btc,2020-01,filtered
12,0.9987,0.1399,31237.0601,btc,2020-01,filtered
16,0.9882,0.0980,4686.6778,btc,2020-01,filtered
18,0.9848,0.1019,4067.4256,btc,2020-01,filtered
24,0.9914,0.0786,9603.6684,btc,2020-01,filtered
32,0.9935,0.0479,17128.6839,btc,2020-01,filtered
36,0.9970,0.0622,41366.0437,btc,2020-01,filtered
48,0.9947,0.0658,31360.2063,btc,2020-01,filtered
72,0.9737,0.1260,9349.3160,btc,2020-01,filtered
96,0.9642,0.1205,9129.4060,btc,2020-01,filtered
144,1.0071,0.1323,inf,btc,2020-01,filtered
1,0.9886,0.1064,301.3244,btc,2021-01,raw
2,0.9785,0.1089,318.2183,btc,2021-01,raw
3,0.9773,0.1109,453.7337,btc,2021-01,raw
4,0.9831,0.0817,813.4017,btc,2021-01,raw
6,0.9894,0.0590,1950.2374,btc,2021-01,raw
8,0.9901,0.0487,2788.2236,btc,2021-01,raw
9,0.9788,0.0912,1455.3126,btc,2021-01,raw
12,0.9850,0.0524,2752.0434,btc,2021-01,raw
16,0.9833,0.0593,3294.0525,btc,2021-01,raw
18,0.9767,0.0727,2641.2592,btc,2021-01,raw
24,0.9776,0.0634,3674.5660,btc,2021-01,raw
32,0.9424,0.1445,1869.8488,btc,2021-01,raw
36,0.9813,0.0447,6600.0428,btc,2021-01,raw
48,0.9682,0.0646,5152.2566,btc,2021-01,raw
72,0.9798,0.0344,12245.9674,btc,2021-01,raw
96,0.9784,0.0336,15250.6621,btc,2021-01,raw
144,0.9831,0.0198,29269.0636,btc,2021-01,raw
1,0.9891,0.1029,316.7083,btc,2021-01,filtered
2,0.9785,0.1058,319.1006,btc,2021-01,filtered
3,0.9787,0.1015,481.9519,btc,2021-01,filtered
4,0.9851,0.0703,926.1859,btc,2021-01,filtered
6,0.9872,0.0673,1612.6410,btc,2021-01,filtered
8,0.9874,0.0546,2188.1262,btc,2021-01,filtered
9,0.9778,0.0963,1392.2999,btc,2021-01,filtered
12,0.9843,0.0586,2634.9659,btc,2021-01,filtered
16,0.9829,0.0615,3210.3793,btc,2021-01,filtered
18,0.9703,0.0905,2069.4832,btc,2021-01,filtered
24,0.9833,0.0526,4947.3970,btc,2021-01,filtered
32,0.9257,0.1854,1437.3893,btc,2021-01,filtered
36,0.9851,0.0400,8309.6595,btc,2021-01,filtered
48,0.9737,0.0622,6233.6110,btc,2021-01,filtered
72,0.9808,0.0367,12871.4139,btc,2021-01,filtered
96,0.9720,0.0458,11704.0852,btc,2021-01,filtered
144,0.9802,0.0219,25004.8415,btc,2021-01,filtered
1,1.0254,0.1444,inf,btc,2022-01,raw
2,1.0082,0.0967,inf,btc,2022-01,raw
3,1.0109,0.1231,inf,btc,2022-01,raw
4,1.0103,0.1176,inf,btc,2022-01,raw
6,1.0107,0.1523,inf,btc,2022-01,raw
8,1.0036,0.1098,inf,btc,2022-01,raw
9,1.0023,0.0884,inf,btc,2022-01,raw
12,0.9944,0.0734,7455.7698,btc,2022-01,raw
16,0.9988,0.0780,45423.4191,btc,2022-01,raw
18,0.9925,0.1069,8339.5801,btc,2022-01,raw
24,1.0000,0.0527,3558288.4596,btc,2022-01,raw
32,0.9881,0.0910,9243.5654,btc,2022-01,raw
36,0.9885,0.1028,10794.3677,btc,2022-01,raw
48,0.9985,0.0508,107752.3595,btc,2022-01,raw
72,0.9943,0.0554,43720.6457,btc,2022-01,raw
96,0.9728,0.0961,12077.6087,btc,2022-01,raw
144,0.9877,0.0970,40401.9293,btc,2022-01,raw
1,1.0202,0.1236,inf,btc,2022-01,filtered
2,1.0048,0.0658,inf,btc,2022-01,filtered
3,1.0047,0.0799,inf,btc,2022-01,filtered
4,1.0052,0.0721,inf,btc,2022-01,filtered
6,1.0026,0.0882,inf,btc,2022-01,filtered
8,0.9999,0.0711,301286.8477,btc,2022-01,filtered
9,1.0004,0.0659,inf,btc,2022-01,filtered
12,0.9951,0.0702,8457.9024,btc,2022-01,filtered
16,0.9996,0.0662,140781.7464,btc,2022-01,filtered
18,0.9963,0.0929,16777.8520,btc,2022-01,filtered
24,0.9994,0.0587,149127.2777,btc,2022-01,filtered
32,0.9894,0.0797,10395.8090,btc,2022-01,filtered
36,0.9923,0.0867,16072.5221,btc,2022-01,filtered
48,0.9977,0.0582,72305.6572,btc,2022-01,filtered
72,0.9931,0.0632,35974.4471,btc,2022-01,filtered
96,0.9552,0.1195,7260.4306,btc,2022-01,filtered
144,0.9863,0.1056,36133.1366,btc,2022-01,filtered
1,1.0584,0.2471,inf,btc,2023-01,raw
2,1.0909,0.3389,inf,btc,2023-01,raw
3,1.1054,0.3436,inf,btc,2023-01,raw
4,1.0946,0.3661,inf,btc,2023-01,raw
6,1.0919,0.3770,inf,btc,2023-01,raw
8,1.1013,0.4436,inf,btc,2023-01,raw
9,1.0784,0.3704,inf,btc,2023-01,raw
12,0.9958,0.3444,9882.9770,btc,2023-01,raw
16,0.8889,0.3391,470.6412,btc,2023-01,raw
18,0.9365,0.4749,951.6303,btc,2023-01,raw
24,0.9652,0.4443,2348.1433,btc,2023-01,raw
32,0.9251,0.1178,1423.7694,btc,2023-01,raw
36,0.8350,0.2643,692.0718,btc,2023-01,raw
48,0.8784,0.1970,1282.9424,btc,2023-01,raw
72,0.7798,0.1950,1003.3139,btc,2023-01,raw
96,0.8161,0.1527,1637.3096,btc,2023-01,raw
144,0.7523,0.0709,1753.1060,btc,2023-01,raw
1,1.0493,0.2306,inf,btc,2023-01,filtered
2,1.0530,0.2738,inf,btc,2023-01,filtered
3,1.0462,0.2181,inf,btc,2023-01,filtered
4,1.0450,0.2565,inf,btc,2023-01,filtered
6,1.0207,0.2121,inf,btc,2023-01,filtered
8,1.0305,0.2953,inf,btc,2023-01,filtered
9,1.0141,0.2764,inf,btc,2023-01,filtered
12,0.9679,0.1763,1276.6478,btc,2023-01,filtered
16,0.9317,0.2230,783.4215,btc,2023-01,filtered
18,0.9325,0.2594,892.7928,btc,2023-01,filtered
24,0.9049,0.2083,832.5014,btc,2023-01,filtered
32,0.9390,0.1195,1762.9081,btc,2023-01,filtered
36,0.8716,0.2217,907.6424,btc,2023-01,filtered
48,0.9166,0.1305,1910.6917,btc,2023-01,filtered
72,0.7600,0.1446,909.3988,btc,2023-01,filtered
96,0.8532,0.1092,2095.5566,btc,2023-01,filtered
144,0.9093,0.0345,5246.8226,btc,2023-01,filtered
1,1.0078,0.1448,inf,btc,2024-01,raw
2,1.0025,0.1727,inf,btc,2024-01,raw
3,1.0024,0.2019,inf,btc,2024-01,raw
4,0.9945,0.2184,2497.2083,btc,2024-01,raw
6,0.9884,0.2141,1782.9138,btc,2024-01,raw
8,0.9766,0.2326,1171.1969,btc,2024-01,raw
9,0.9914,0.2752,3600.1831,btc,2024-01,raw
12,0.9527,0.2128,859.1966,btc,2024-01,raw
16,0.9295,0.2125,758.6037,btc,2024-01,raw
18,0.9078,0.2252,644.6268,btc,2024-01,raw
24,0.9282,0.1225,1116.3276,btc,2024-01,raw
32,0.9307,0.1062,1544.1585,btc,2024-01,raw
36,0.8909,0.1182,1080.3991,btc,2024-01,raw
48,0.8609,0.1501,1110.7339,btc,2024-01,raw
72,0.8586,0.1029,1636.3606,btc,2024-01,raw
96,0.8226,0.1433,1704.0701,btc,2024-01,raw
144,0.8753,0.0655,3746.4824,btc,2024-01,raw
1,1.0040,0.1171,inf,btc,2024-01,filtered
2,1.0003,0.1223,inf,btc,2024-01,filtered
3,1.0004,0.1382,inf,btc,2024-01,filtered
4,0.9985,0.1349,9534.8293,btc,2024-01,filtered
6,0.9966,0.1458,6077.4578,btc,2024-01,filtered
8,0.9926,0.1575,3714.4187,btc,2024-01,filtered
9,0.9925,0.1716,4155.5324,btc,2024-01,filtered
12,0.9745,0.1538,1612.0352,btc,2024-01,filtered
16,0.9596,0.1883,1344.3140,btc,2024-01,filtered
18,0.9445,0.1640,1093.0896,btc,2024-01,filtered
24,0.9372,0.1632,1282.6774,btc,2024-01,filtered
32,0.9172,0.1558,1282.9067,btc,2024-01,filtered
36,0.8817,0.1318,990.7016,btc,2024-01,filtered
48,0.8633,0.2077,1131.7978,btc,2024-01,filtered
72,0.8197,0.1394,1255.4106,btc,2024-01,filtered
96,0.7843,0.1916,1369.7037,btc,2024-01,filtered
144,0.3746,0.2437,508.2085,btc,2024-01,filtered
1,1.0075,0.1212,inf,btc,2025-01,raw
2,1.0101,0.1512,inf,btc,2025-01,raw
3,1.0123,0.1882,inf,btc,2025-01,raw
4,1.0144,0.2210,inf,btc,2025-01,raw
6,1.0121,0.2306,inf,btc,2025-01,raw
8,1.0257,0.2752,inf,btc,2025-01,raw
9,0.9927,0.2647,4231.6633,btc,2025-01,raw
12,0.9836,0.1940,2511.5772,btc,2025-01,raw
16,0.9798,0.2318,2716.3218,btc,2025-01,raw
18,0.9706,0.2422,2093.3321,btc,2025-01,raw
24,0.9458,0.1773,1493.4572,btc,2025-01,raw
32,0.9592,0.2147,2664.6826,btc,2025-01,raw
36,0.9916,0.0389,14824.2485,btc,2025-01,raw
48,0.9704,0.0584,5544.6026,btc,2025-01,raw
72,0.9764,0.0711,10450.9646,btc,2025-01,raw
96,0.9117,0.1448,3597.1313,btc,2025-01,raw
144,0.9437,0.0963,8607.7934,btc,2025-01,raw
1,1.0039,0.0929,inf,btc,2025-01,filtered
2,1.0042,0.1054,inf,btc,2025-01,filtered
3,1.0035,0.1174,inf,btc,2025-01,filtered
4,1.0015,0.1325,inf,btc,2025-01,filtered
6,0.9981,0.1428,10806.2722,btc,2025-01,filtered
8,1.0064,0.1904,inf,btc,2025-01,filtered
9,0.9884,0.1491,2671.3091,btc,2025-01,filtered
12,0.9854,0.1747,2831.8612,btc,2025-01,filtered
16,0.9731,0.2313,2031.5079,btc,2025-01,filtered
18,0.9729,0.2207,2268.4887,btc,2025-01,filtered
24,0.9419,0.2040,1389.4988,btc,2025-01,filtered
32,0.9472,0.2292,2044.1147,btc,2025-01,filtered
36,0.8870,0.2779,1040.1593,btc,2025-01,filtered
48,0.8283,0.2284,882.9985,btc,2025-01,filtered
72,0.9703,0.0645,8273.1468,btc,2025-01,filtered
96,0.8641,0.1540,2277.7150,btc,2025-01,filtered
144,0.9713,0.0731,17130.0476,btc,2025-01,filtered
