asset,window,days,series,logHL_dispersion,n_nonstationary,min_persistence,k_at_min,mean_alpha_k<=4
eurusd,2004-10,222,raw,0.7466,0,0.0008,48,0.1909
eurusd,2004-10,222,filtered,0.4241,1,0.0064,48,0.1115
eurusd,2005-10,242,raw,1.0093,0,0.0002,48,0.2113
eurusd,2005-10,242,filtered,0.9571,0,0.0668,32,0.0942
eurusd,2006-10,250,raw,0.9480,0,0.0007,36,0.2312
eurusd,2006-10,250,filtered,0.5544,0,0.0041,72,0.1239
eurusd,2007-10,258,raw,0.9583,1,0.8808,9,0.1694
eurusd,2007-10,258,filtered,0.7087,0,0.9568,144,0.0591
eurusd,2008-10,255,raw,0.7259,1,0.9909,4,0.1208
eurusd,2008-10,255,filtered,0.7226,0,0.9971,1,0.0403
eurusd,2009-10,258,raw,0.9210,0,0.6759,16,0.1538
eurusd,2009-10,258,filtered,0.7068,0,0.9737,144,0.0551
eurusd,2010-10,259,raw,0.6409,0,0.0428,72,0.1654
eurusd,2010-10,259,filtered,0.6305,0,0.8616,144,0.0668
eurusd,2011-10,258,raw,1.0282,1,0.0723,48,0.1787
eurusd,2011-10,258,filtered,0.8991,0,0.9500,36,0.0680
eurusd,2012-10,256,raw,0.6913,2,0.0371,72,0.2005
eurusd,2012-10,256,filtered,0.2537,0,0.1740,24,0.0853
eurusd,2013-10,255,raw,0.9677,5,0.0045,72,0.2950
eurusd,2013-10,255,filtered,0.9983,0,0.2022,24,0.1349
eurusd,2014-10,256,raw,0.8283,3,0.3558,32,0.2407
eurusd,2014-10,256,filtered,0.6052,0,0.9035,36,0.0984
eurusd,2015-10,258,raw,0.2241,3,0.2940,72,0.2682
eurusd,2015-10,258,filtered,0.2393,0,0.4352,144,0.0991
eurusd,2016-10,256,raw,0.8021,2,0.0819,96,0.2270
eurusd,2016-10,256,filtered,0.5705,0,0.0755,96,0.1156
eurusd,2017-10,258,raw,0.6723,1,0.0946,48,0.1900
eurusd,2017-10,258,filtered,0.7269,0,0.9016,4,0.0807
eurusd,2018-10,256,raw,1.1479,4,0.0912,48,0.2423
eurusd,2018-10,256,filtered,0.8691,0,0.9102,6,0.0935
eurusd,2019-10,257,raw,0.3800,7,0.9829,144,0.2137
eurusd,2019-10,257,filtered,0.3773,1,0.9913,144,0.0617
eurusd,2020-10,253,raw,0.9171,1,0.0490,36,0.2071
eurusd,2020-10,253,filtered,0.7023,0,0.0946,48,0.0615
eurusd,2021-10,258,raw,0.8585,7,0.5565,24,0.2177
eurusd,2021-10,258,filtered,0.7712,2,0.9943,144,0.0515
eurusd,2023-10,255,raw,1.0770,5,0.0860,36,0.2766
eurusd,2023-10,255,filtered,0.8070,0,0.5769,32,0.0604
eurusd,2024-10,257,raw,0.4568,2,0.8022,16,0.2405
eurusd,2024-10,257,filtered,0.4180,0,0.8801,144,0.0970
spx,2011-01,251,raw,0.4045,0,0.9771,40,0.1078
spx,2011-01,251,filtered,0.3144,0,0.9798,40,0.0618
spx,2012-01,247,raw,0.7488,0,0.9159,2,0.0899
spx,2012-01,247,filtered,0.3378,0,0.9764,40,0.0407
spx,2013-01,249,raw,0.3780,0,0.8110,16,0.1008
spx,2013-01,249,filtered,0.1286,0,0.8966,40,0.0607
spx,2014-01,248,raw,0.3631,0,0.9246,40,0.0978
spx,2014-01,248,filtered,0.2011,0,0.9434,40,0.0742
spx,2015-01,249,raw,0.1840,1,0.7326,40,0.1373
spx,2015-01,249,filtered,0.1537,0,0.7596,40,0.0815
spx,2016-01,251,raw,0.1855,0,0.9632,40,0.0775
spx,2016-01,251,filtered,0.1473,0,0.9686,20,0.0665
spx,2017-01,245,raw,0.2487,0,0.7658,40,0.1425
spx,2017-01,245,filtered,0.1077,0,0.7728,40,0.0937
spx,2018-01,248,raw,0.4977,6,0.9981,2,0.0891
spx,2018-01,248,filtered,0.1105,7,0.9984,2,0.0771
spx,2019-01,249,raw,0.2000,0,0.9364,16,0.0992
spx,2019-01,249,filtered,0.1779,2,0.9503,16,0.0861
spx,2020-01,248,raw,0.3327,4,0.9770,40,0.1641
spx,2020-01,248,filtered,0.9311,5,0.9660,40,0.1169
spx,2021-01,251,raw,0.1831,1,0.9378,40,0.1740
spx,2021-01,251,filtered,0.2619,0,0.9545,40,0.1149
spx,2022-01,250,raw,0.5634,0,0.8534,40,0.1375
spx,2022-01,250,filtered,0.3988,0,0.8777,40,0.0972
spx,2024-01,246,raw,0.2413,0,0.8378,40,0.1266
spx,2024-01,246,filtered,0.1170,0,0.8548,40,0.1032
spx,2025-01,247,raw,0.2969,2,0.9545,40,0.1632
spx,2025-01,247,filtered,0.2862,2,0.9381,40,0.1304
btc,2018-01,356,raw,0.2027,9,0.9752,144,0.0969
btc,2018-01,356,filtered,0.1805,9,0.9739,144,0.0759
btc,2019-01,359,raw,0.2512,7,0.8469,144,0.3562
btc,2019-01,359,filtered,0.2605,8,0.8477,144,0.3351
btc,2020-01,358,raw,0.6884,9,0.8636,72,0.2301
btc,2020-01,358,filtered,0.3841,6,0.9642,96,0.1879
btc,2021-01,359,raw,0.5630,0,0.9424,32,0.1020
btc,2021-01,359,filtered,0.5566,0,0.9257,32,0.0951
btc,2022-01,365,raw,0.8124,7,0.9728,96,0.1205
btc,2022-01,365,filtered,0.5547,6,0.9552,96,0.0854
btc,2023-01,364,raw,0.3578,7,0.7523,144,0.3239
btc,2023-01,364,filtered,0.2607,7,0.7600,72,0.2447
btc,2024-01,366,raw,0.2327,3,0.8226,96,0.1844
btc,2024-01,366,filtered,0.3498,3,0.3746,144,0.1281
btc,2025-01,365,raw,0.3147,6,0.9117,96,0.1704
btc,2025-01,365,filtered,0.4007,5,0.8283,48,0.1120
