asset,method,J,P,qlik,logHL_dispersion,n_nonstationary,min_persistence
eurusd,ppml,0,1,0.9161,0.5326,0,0.8797
eurusd,ppml,0,2,0.9167,0.5404,0,0.8809
eurusd,ppml,0,4,0.8670,0.4292,0,0.8857
eurusd,ppml,0,6,0.8645,0.4180,0,0.8801
eurusd,ppml,0,8,0.8642,0.4086,0,0.8796
eurusd,ppml,1,1,0.9148,0.5109,0,0.8743
eurusd,ppml,1,2,0.9139,0.5136,0,0.8718
eurusd,ppml,1,4,0.8642,0.4069,0,0.8797
eurusd,ppml,1,6,0.8608,0.4098,0,0.8734
eurusd,ppml,1,8,0.8585,0.4183,0,0.8843
eurusd,ols,0,1,0.9318,0.5570,0,0.8833
eurusd,ols,0,2,0.9303,0.5636,0,0.8852
eurusd,ols,0,4,0.8930,0.4870,0,0.8867
eurusd,ols,0,6,0.8931,0.4938,0,0.8861
eurusd,ols,0,8,0.8923,0.4934,0,0.8862
eurusd,ols,1,1,0.9319,0.5264,0,0.8625
eurusd,ols,1,2,0.9299,0.5308,0,0.8576
eurusd,ols,1,4,0.8941,0.4483,0,0.8690
eurusd,ols,1,6,0.8921,0.4548,0,0.8672
eurusd,ols,1,8,0.8901,0.4532,0,0.8689
spx,ppml,0,1,0.4754,0.2409,1,0.9618
spx,ppml,0,2,0.4718,0.3644,1,0.9629
spx,ppml,0,4,0.4679,0.2843,1,0.9627
spx,ppml,0,6,0.4677,0.3309,1,0.9632
spx,ppml,0,8,0.4669,0.4223,1,0.9639
spx,ppml,1,1,0.4739,0.2952,1,0.9650
spx,ppml,1,2,0.4701,0.1643,3,0.9659
spx,ppml,1,4,0.4659,0.4279,1,0.9657
spx,ppml,1,6,0.4653,0.6069,1,0.9663
spx,ppml,1,8,0.4644,0.4843,1,0.9671
spx,ols,0,1,0.4860,0.4194,1,0.9588
spx,ols,0,2,0.4832,0.5789,2,0.9603
spx,ols,0,4,0.4805,0.3606,2,0.9606
spx,ols,0,6,0.4806,0.1371,3,0.9609
spx,ols,0,8,0.4805,0.1402,3,0.9610
spx,ols,1,1,0.4857,0.3815,1,0.9593
spx,ols,1,2,0.4830,0.1544,2,0.9607
spx,ols,1,4,0.4807,0.1331,3,0.9613
spx,ols,1,6,0.4810,0.1483,3,0.9613
spx,ols,1,8,0.4809,0.1499,3,0.9615
